station,name,lat,lon,start,ending
1,Reykjavík,64.1288833618,-21.9081897736,1920,
2,Sjómannaskóli,64.1330032349,-21.9500007629,1961,1963.0
4,Reykjavík S,64.1274719238,-21.9027690887,2015,2024.0
5,Sólland í Reykjavík,64.1169967651,-21.8999996185,1964,1972.0
6,Gróðrarstöðin í Reykjavík,64.1330032349,-21.8999996185,1923,1928.0
10,Víðistaðir,64.0670013428,-21.966999054,1933,1968.0
12,Straumsvík,64.0433731079,-22.0380001068,2002,2003.0
13,Hamranes,64.0329971313,-21.966999054,1978,1979.0
15,Vífilsstaðir,64.0830001831,-21.8829994202,1963,2000.0
20,Elliðaárstöð,64.1190032959,-21.8390007019,1922,2011.0
25,Rjúpnahæð,64.0852203369,-21.8437004089,1958,2008.0
30,Hólmur,64.0830001831,-21.716999054,1961,1983.0
35,Heiðmörk,64.0670013428,-21.7329998016,1957,2001.0
38,Svínahraun,64.0500030518,-21.5,1984,1990.0
40,Kolviðarhóll,64.0329971313,-21.3829994202,1964,1964.0
41,Hveradalir,64.016998291,-21.3999996185,1927,1933.0
46,Korpa,64.150970459,-21.752199173,1961,2016.0
51,Mosfell,64.1829986572,-21.6170005798,1975,1976.0
52,Varmaland í Mosfellsbæ,64.1829986572,-21.6170005798,1963,1964.0
68,Stíflisdalur,64.2515487671,-21.3118190765,1993,2004.0
70,Stardalur,64.212020874,-21.484079361,1963,2008.0
73,Mógilsá,64.2170028687,-21.7000007629,1967,1979.0
83,Meðalfell,64.3170013428,-21.6000003815,1969,1984.0
85,Neðri-Háls,64.3499984741,-21.6329994202,1990,1993.0
88,Stóri-Botn,64.3830032349,-21.2999992371,1947,1982.0
93,Grundartangi,64.3499984741,-21.783000946,1978,1992.0
94,Kirkjuból,64.3072509766,-21.9279003143,1996,
95,Akranes,64.3170013428,-22.0830001831,1965,1988.0
96,Leirá,64.4169998169,-21.8330001831,1940,1942.0
97,Neðra-Skarð,64.4277496338,-21.8069992065,1991,
103,Andakílsárvirkjun,64.5390014648,-21.6948795319,1949,2021.0
105,Hvanneyri,64.5622024536,-21.7649002075,1963,1998.0
108,Stafholtsey,64.6419296265,-21.5907497406,1988,2017.0
110,Fitjar,64.4670028687,-21.2999992371,1979,1981.0
117,Augastaðir,64.6719818115,-21.0272693634,1994,
120,Kalmanstunga,64.733001709,-20.7999992371,1956,1992.0
126,Síðumúli,64.7107009888,-21.371099472,1934,1986.0
130,Hamraendar í Stafholtstungum,64.6669998169,-21.6170005798,1986,1988.0
132,Brekka,64.7809677124,-21.5191307068,1969,
136,Fornihvammur,64.9000015259,-21.2000007629,1966,1977.0
142,Borgarnes,64.5500030518,-21.9169998169,1982,1988.0
145,Þverholt,64.5830001831,-22.1499996185,1966,1985.0
146,Álftárós,64.5830001831,-22.25,1967,1973.0
149,Hítardalur,64.8015670776,-22.0482292175,1995,
155,Haukatunga,64.8162231445,-22.2555942535,1943,1989.0
163,Hjarðarfell,64.8749694824,-22.7410793304,1970,
164,Neðri-Hóll,64.8000030518,-23.033000946,1994,1997.0
165,Garðar,64.8138504028,-23.1399173737,1989,1994.0
166,Böðvarsholt,64.8330001831,-23.3500003815,1991,2000.0
167,Bláfeldur,64.839302063,-23.3003501892,1997,2023.0
168,Arnarstapi,64.766998291,-23.6329994202,1931,1982.0
170,Gufuskálar,64.9022445679,-23.9319133759,1970,1994.0
171,Hellissandur,64.9169998169,-23.8829994202,1934,1970.0
172,Jökulháls,64.8000030518,-23.7000007629,1932,1933.0
173,Ólafsvík,64.9000015259,-23.716999054,1990,1990.0
175,Grundarfjörður,64.9169998169,-23.2329998016,1991,1996.0
176,Kverná,64.91847229,-23.2351703644,2000,2003.0
177,Setberg,64.9569168091,-23.207950592,2000,2016.0
178,Stykkishólmur,65.0740280151,-22.7338790894,1845,
187,Kvennabrekka,65.0294723511,-21.646320343,2008,
188,Hamraendar,65.0104293823,-21.6905441284,1936,1999.0
189,Stóra-Vatnshorn,65.0583267212,-21.5489196777,2000,2003.0
191,Hróðnýjarstaðir,65.1669998169,-21.6499996185,1937,1937.0
192,Búðardalur,65.0999984741,-21.783000946,1960,1992.0
194,Ljárskógar,65.1669998169,-21.7000007629,1937,1938.0
195,Ásgarður,65.2296981812,-21.7542705536,1992,
196,Hvammur í Dölum,65.2170028687,-21.7670001984,1852,1878.0
197,Ballará,65.2308197021,-22.4634990692,1997,2004.0
202,Máskelda,65.3830032349,-21.8829994202,1967,1993.0
203,Mýrartunga II,65.516998291,-22.0170001984,1960,1967.0
204,Kleifar,65.4534225464,-21.6632995605,1992,1994.0
206,Reykhólar,65.4481201172,-22.1997509003,1948,2004.0
207,Höllustaðir,65.4499969482,-22.25,1924,1924.0
210,Flatey,65.3669967651,-22.9169998169,1941,1989.0
212,Brjánslækur,65.5250015259,-23.1942691803,1977,2025.0
220,Lambavatn,65.492980957,-24.0916309357,1922,
221,Hænuvík,65.6134490967,-24.1990795135,2005,
222,Hvallátur,65.5287017822,-24.4565906525,1947,1989.0
223,Breiðavík,65.5498504639,-24.3509807587,1989,2004.0
224,Kvígindisdalur,65.5561981201,-24.0111694336,1927,2004.0
225,Patreksfjörður,65.5999984741,-23.966999054,1983,1995.0
231,Mjólkárvirkjun,65.7749099731,-23.1663208008,1959,
234,Hólar í Dýrafirði,65.8669815063,-23.5618495941,1983,2024.0
237,Núpur í Dýrafirði,65.9329986572,-23.6000003815,1923,1927.0
239,Önundarfjörður,66.0500030518,-23.5,1882,1908.0
240,Þórustaðir,66.016998291,-23.466999054,1952,1999.0
241,Vaðlar,65.9893493652,-23.4369792938,1999,2012.0
244,Flateyri,66.0500030518,-23.5,1996,1997.0
247,Birkihlíð í Súgandafirði,66.0803222656,-23.368019104,1997,2022.0
248,Suðureyri,66.1330032349,-23.533000946,1921,1990.0
250,Galtarviti,66.1629638672,-23.570690155,1953,1994.0
252,Bolungarvík,66.1610031128,-23.253200531,1994,2018.0
253,Hnífsdalur,66.1084671021,-23.1231193542,1995,
254,Ísafjörður,66.0669403076,-23.124540329,1980,2023.0
256,Súðavík,66.0500030518,-23.0,1996,1999.0
258,Hrafnabjörg,65.9804000854,-22.6536808014,1995,2013.0
260,Æðey,66.0998764038,-22.6599502563,1946,2012.0
261,Ármúli,66.0500030518,-22.4500007629,1920,1920.0
265,Rauðamýri,65.9000015259,-22.3169994354,1977,1989.0
266,Múli,65.8170013428,-22.4500007629,1992,1992.0
280,Hesteyri í Jökulfjörðum,66.3330001831,-22.8829994202,1928,1937.0
281,Aðalvík á Hornströndum,66.4000015259,-23.033000946,1881,1883.0
284,Horn á Hornströndum,66.4499969482,-22.4500007629,1937,1946.0
285,Hornbjargsviti,66.4169998169,-22.3829994202,1946,1995.0
288,Reykjafjörður,66.25,-22.1000003815,1933,1933.0
290,Kjörvogur,65.983001709,-21.3500003815,1934,1971.0
291,Munaðarnes,66.0830001831,-21.5830001831,1995,2005.0
293,Litla-Ávík,66.0211715698,-21.4248409271,1995,
294,Grænhóll í Árneshreppi,65.983001709,-21.3500003815,1921,1934.0
295,Gjögur,65.987487793,-21.3521118164,1971,1995.0
296,Bassastaðir,65.763381958,-21.6840000153,2005,2022.0
297,Innri-Ós,65.73097229,-21.6874809265,1999,2004.0
298,Ytri-Ós,65.766998291,-21.7000007629,1992,1999.0
300,Steinadalur,65.5556030273,-21.5466003418,1995,2015.0
301,Kollsá í Hrútafirði,65.3499984741,-21.1830005646,1923,1936.0
303,Hlaðhamar,65.270149231,-21.1705493927,1940,
304,Hrútafjörður,65.2829971313,-21.2000007629,1883,1930.0
306,Bær í Hrútafirði,65.2829971313,-21.2000007629,1916,1920.0
309,Þóroddsstaðir,65.233001709,-21.0830001831,1966,1984.0
310,Tannstaðabakki,65.2829971313,-21.1000003815,1984,1997.0
311,Reykir í Hrútafirði,65.2539825439,-21.0975666046,1997,
313,Haugur í Miðfirði,65.1837463379,-20.7849197388,2003,2004.0
315,Barkarstaðir,65.2035293579,-20.7728290558,1950,2002.0
317,Núpsdalstunga,65.25,-20.7670001984,1938,1949.0
321,Ásbjarnarstaðir,65.6029510498,-20.8051490784,1992,
324,Víðidalstunga,65.3669967651,-20.6000003815,1934,1936.0
326,Lækjamót,65.4169998169,-20.6000003815,1922,1929.0
333,Brúsastaðir,65.3795013428,-20.2484703064,2003,
335,Forsæludalur,65.3038330078,-20.1063308716,1956,2002.0
336,Eyjólfsstaðir,65.4000015259,-20.2670001984,1933,1933.0
339,Torfalækur,65.5999984741,-20.2999992371,1933,1934.0
340,Hjaltabakki,65.6330032349,-20.2999992371,1967,1981.0
341,Blönduós,65.6580810547,-20.3026008606,1981,2003.0
342,Blönduós,65.6669998169,-20.2999992371,1927,1979.0
346,Stafn,65.3742218018,-19.5872993469,1997,2019.0
348,Skagaströnd/Hof,65.8330001831,-20.3169994354,1876,1883.0
349,Kálfshamarsvík,66.016998291,-20.4169998169,1930,1930.0
352,Hraun á Skaga,66.111289978,-20.1034107208,1942,
360,Sauðárkrókur,65.75,-19.6499996185,1954,1978.0
361,Bergstaðir,65.7029800415,-19.61302948,1978,2018.0
365,Mælifell,65.4499969482,-19.3500003815,1934,1945.0
366,Nautabú,65.4590301514,-19.368270874,1945,2004.0
370,Litla-Hlíð,65.2898788452,-19.0373306274,1990,2024.0
383,Dalsmynni,65.7572174072,-19.2474308014,1991,2024.0
385,Hólar í Hjaltadal,65.733001709,-19.1170005798,1955,1990.0
388,Skriðuland,65.766998291,-19.1170005798,1934,1955.0
396,Skeiðsfoss,65.9986801147,-19.0132694244,1970,2023.0
398,Hraun í Fljótum,66.0999984741,-19.0669994354,1922,1933.0
400,Sauðanesviti,66.1852035522,-18.9533996582,1990,
401,Siglufjörður,66.1330032349,-18.9169998169,1980,1995.0
402,Siglunes,66.1829986572,-18.8330001831,1968,1990.0
403,Reyðará,66.1829986572,-18.783000946,1968,1980.0
404,Grímsey,66.5406341553,-18.0145168304,1874,2000.0
406,Kálfsárkot,66.0191268921,-18.7415294647,1987,2009.0
407,Ólafsfjörður,66.0764694214,-18.6363792419,2010,2023.0
408,Sakka,65.9281997681,-18.5351066589,2018,
409,Tjörn,65.9284820557,-18.5710697174,1969,2018.0
412,Hrísey,65.9883728027,-18.3988304138,1995,
418,Víkurbakki,65.9000015259,-18.283000946,1968,1976.0
419,Möðruvellir,65.770652771,-18.251329422,1997,2003.0
420,Auðnir,65.6025466919,-18.5215797424,1997,
421,Hlíðarfjall - skíðasvæði,65.662902832,-18.2145996094,2010,2010.0
422,Akureyri,65.6855773926,-18.1002292633,1881,
424,Tilraunastöðin á Akureyri,65.6669998169,-18.0830001831,1965,1974.0
425,Torfur,65.5015335083,-18.1512699127,2000,2014.0
426,Torfufell,65.3170013428,-18.2670001984,1969,1990.0
427,Gullbrekka,65.3991012573,-18.2544193268,1997,
428,Nýibær,65.1500015259,-18.2000007629,1972,1973.0
430,Eyjafjörður,65.6829986572,-18.0830001831,1880,1893.0
436,Grenivík,65.9499969482,-18.1830005646,1966,1967.0
437,Þverá í Dalsmynni,65.8613204956,-17.9015693665,1997,
445,Sólvangur,65.766998291,-17.8670005798,1967,1980.0
447,Vaglir II,65.7175064087,-17.8962097168,2012,
448,Lerkihlíð,65.7151794434,-17.8908004761,1979,2012.0
449,Sandbúðir,64.9329986572,-17.9829998016,1973,1978.0
452,Sandur,65.9569778442,-17.5481491089,1933,2005.0
458,Sandhaugar,65.5670013428,-17.5,1961,1989.0
460,Bjarnarstaðir,65.4329986572,-17.3500003815,1938,1945.0
462,Mýri,65.376373291,-17.387430191,1956,2021.0
463,Svartárkot,65.3418502808,-17.2465991974,1990,2023.0
466,Grænavatn,65.5329971313,-17.0,1922,1932.0
467,Gautlönd,65.5500030518,-17.1329994202,1891,1892.0
468,Reykjahlíð,65.6457214355,-16.9146003723,1936,
470,Þverá í Laxárdal,65.733001709,-17.25,1937,1937.0
473,Staðarhóll,65.82006073,-17.3447608948,1961,
476,Skógargerði,66.0329971313,-17.3330001831,1962,1978.0
477,Húsavík,66.0329971313,-17.3500003815,1924,1995.0
478,Hallbjarnarstaðir,66.1500015259,-17.25,1940,1940.0
479,Mánárbakki,66.1994781494,-17.1031799316,1956,2016.0
482,Ólafsgerði,66.0830001831,-16.8500003815,1927,1927.0
484,Garður,66.0670013428,-16.7670001984,1962,2000.0
485,Kelduneskot,66.0830001831,-16.6830005646,1928,1928.0
488,Ásbyrgi,66.0329971313,-16.4829998016,1963,1969.0
489,Herðubreiðalindir,65.1999969482,-16.2329998016,1976,1977.0
490,Möðrudalur,65.3753662109,-15.8833303452,1976,2010.0
495,Grímsstaðir,65.6423187256,-16.1208190918,1907,
502,Raufarhöfn,66.4590530396,-15.9472999573,2010,2023.0
505,Raufarhöfn,66.4513473511,-15.9486198425,1920,2009.0
506,Syðra-Lón/Flaga/Kúðá,66.1999969482,-15.6000003815,1883,1884.0
507,Þórshöfn,66.1999969482,-15.3330001831,1917,1923.0
508,Sauðanes,66.247428894,-15.2614803314,1980,2004.0
510,Skoruvík,66.3499984741,-14.7670001984,1944,1977.0
511,Skálar á Langanesi,66.3330001831,-14.7829999924,1934,1944.0
515,Miðfjarðarnes,66.0659484863,-15.0791702271,1999,
519,Þorvaldsstaðir,66.0329971313,-14.9829998016,1951,1995.0
520,Bakkafjörður,66.0329971313,-14.8000001907,1929,1948.0
521,Strandhöfn,65.9061203003,-14.6502504349,1980,2005.0
525,Vopnafjörður,65.75,-14.8330001831,1964,1994.0
527,Skjaldþingsstaðir,65.7026824951,-14.8211202621,1994,
529,Búastaðir,65.6669998169,-15.0500001907,1964,1964.0
530,Hof í Vopnafirði,65.6500015259,-15.0170001984,1946,1966.0
531,Þorbrandsstaðir,65.6330032349,-15.0500001907,1966,1968.0
533,Fagridalur,65.7829971313,-14.4499998093,1925,1964.0
542,Brú á Jökuldal I,65.1085205078,-15.5293302536,1957,1999.0
561,Kóreksstaðir,65.5500030518,-14.1829996109,1898,1906.0
562,Dratthalastaðir,65.5500030518,-14.3330001831,1964,2000.0
563,Gunnhildargerði,65.5500030518,-14.3830003738,1947,1964.0
564,Nefbjarnarstaðir,65.5670013428,-14.3999996185,1907,1946.0
565,Svínafell,65.5134811401,-14.1999998093,1991,2025.0
568,Eiðar,65.3669967651,-14.3500003815,1924,1937.0
570,Egilsstaðir,65.2691421509,-14.3873739243,1943,1998.0
575,Grímsárvirkjun,65.1375274658,-14.5323295593,1959,2014.0
578,Birkihlíð,65.0,-14.6169996262,1984,2001.0
580,Hallormsstaður,65.0999984741,-14.7170000076,1992,1995.0
590,Skriðuklaustur,65.0329971313,-14.9329996109,1952,1979.0
591,Valþjófsstaður,65.016998291,-14.9829998016,1880,1883.0
598,Snæfellsskáli,64.803894043,-15.6434745789,1990,2002.0
607,Hvannstóð,65.4670028687,-13.8830003738,1990,1998.0
608,Desjarmýri,65.5052337646,-13.7971000671,1998,2016.0
609,Glettinganes,65.5,-13.6169996262,1931,1940.0
611,Nes í Loðmundarfirði,65.3499984741,-13.75,1940,1941.0
615,Seyðisfjörður,65.2621688843,-14.0093698502,1957,2003.0
616,Hánefsstaðir,65.2854309082,-13.8715200424,2002,
620,Dalatangi,65.2681732178,-13.5759296417,1938,
622,Mjóifjörður,65.1999969482,-13.8170003891,1992,1992.0
625,Neskaupstaður veðurfarsstöð,65.1481323242,-13.6738300323,1975,2002.0
626,Neskaupstaður,65.1499481201,-13.6761331558,2002,
632,Eskifjörður,65.0670013428,-14.0,1991,1993.0
635,Kollaleira,65.0363311768,-14.2403497696,1976,2007.0
641,Vattarnes,64.9329986572,-13.6999998093,1931,1944.0
660,Kambanes,64.8025360107,-13.8449468613,1961,1991.0
666,Gilsá,64.8592987061,-14.2367801666,1997,
670,Núpur,64.6999969482,-14.1000003815,1992,2004.0
675,Teigarhorn,64.6761398315,-14.3440599442,2018,2023.0
676,Djúpivogur,64.65625,-14.2882003784,1944,1968.0
677,Djúpivogur,64.6560668945,-14.2881698608,2008,2014.0
680,Papey,64.5830001831,-14.1669998169,1962,1968.0
694,Stafafell,64.4190292358,-14.8565998077,1989,
701,Horn í Hornafirði,64.266998291,-14.9829998016,1948,1960.0
702,Stokksnes,64.2829971313,-14.9670000076,1961,1961.0
705,Höfn í Hornafirði,64.2509536743,-15.2133703232,2006,2025.0
706,Hjarðarnes,64.2829971313,-15.2170000076,1985,1992.0
707,Akurnes,64.3100814819,-15.2209196091,1992,2006.0
709,Borgir í Hornafirði,64.3077926636,-15.2304496765,2012,2021.0
710,Hólar í Hornafirði,64.2999191284,-15.190030098,1921,2012.0
712,Bjarnarnes,64.3170013428,-15.2670001984,1884,1891.0
735,Vagnsstaðir,64.1829986572,-15.8170003891,1962,1995.0
738,Hali,64.12840271,-16.0125293732,1998,2016.0
740,Kvísker,63.9776687622,-16.4366493225,1961,2014.0
745,Fagurhólsmýri,63.8774490356,-16.6471691132,1903,2008.0
747,Sandfell í Öræfum,63.9500007629,-16.7999992371,1902,1902.0
748,Skaftafell,64.0182342529,-16.9884490967,1964,2023.0
765,Kálfafell,63.9444999695,-17.6882991791,2017,
768,Dalshöfði,63.9113998413,-17.8367805481,1994,2017.0
772,Kirkjubæjarklaustur,63.7894706726,-18.0542697906,1926,2013.0
784,Snæbýli,63.7361717224,-18.6214694977,1976,
790,Mýrar í Álftaveri,63.5,-18.3330001831,1959,1986.0
791,Norðurhjáleiga,63.5077705383,-18.3716697693,1986,2007.0
796,Kerlingardalur,63.4441490173,-18.8926506042,1999,2023.0
798,Vík í Mýrdal,63.4201812744,-19.0097808838,1925,2014.0
801,Loftsalir,63.4169998169,-19.1499996185,1939,1978.0
802,Vatnsskarðshólar,63.4235992432,-19.1830291748,1978,
806,Drangshlíðardalur,63.5295982361,-19.5189990997,2012,
807,Skógar,63.526550293,-19.493850708,1965,2012.0
814,Surtsey,63.2999992371,-20.6000003815,1969,1972.0
815,Stórhöfði,63.3997497559,-20.2883205414,1921,2014.0
816,Vestmannaeyjabær,63.483001709,-20.25,1961,1973.0
818,Hólmar,63.5699195862,-20.1491203308,1960,
821,Bergþórshvoll,63.6329994202,-20.3330001831,1960,1991.0
824,Búð í Þykkvabæ,63.75,-20.6170005798,1960,1981.0
825,Önnupartur,63.7484512329,-20.6172199249,1981,2008.0
827,Bjóla í Þykkvabæ,63.7999992371,-20.466999054,1960,1991.0
829,Berustaðir í Ásum,63.8670005798,-20.5499992371,1939,1941.0
830,Básar á Goðalandi,63.6775741577,-19.4818267822,1991,2003.0
832,Kornvellir,63.75,-20.25,1967,1977.0
846,Sámsstaðir,63.735370636,-20.1092300415,1927,2023.0
855,Hella,63.836101532,-20.3930702209,1957,2005.0
857,Rauðalækur,63.8670005798,-20.4500007629,1938,1939.0
868,Akurhóll,63.8670005798,-20.1830005646,1964,1972.0
869,Gunnarsholt,63.8670005798,-20.2000007629,1960,1961.0
875,Leirubakki,64.0,-20.0,1960,1991.0
882,Vatnsfellsbúðir,64.1994171143,-19.0302696228,1999,2002.0
883,Þórisós,64.3830032349,-18.7670001984,1970,1970.0
884,Þúfuver I,64.5670013428,-18.6000003815,1987,1992.0
885,Jökulheimar,64.3000030518,-18.25,1963,1970.0
886,Sigalda,64.1669998169,-19.1329994202,1973,1980.0
887,Hrauneyjafoss,64.1999969482,-19.2329998016,1979,2004.0
888,Versalir,64.4499969482,-18.75,1990,2000.0
892,Hveravellir,64.8666763306,-19.5620498657,1964,2004.0
897,Hvítárnes,64.6169967651,-19.75,1937,1938.0
898,Búrfell I,64.0999984741,-19.7999992371,1988,1992.0
899,Búrfell,64.0830001831,-19.7329998016,1970,1993.0
902,Jaðar,64.2875823975,-20.1621303558,1956,2004.0
903,Hlíð í Hrunamannahreppi,64.266998291,-20.1830005646,1931,1956.0
904,Efra-Sel í Hrunamannahreppi,64.1500015259,-20.3670005798,1981,1982.0
905,Hrepphólar,64.0670013428,-20.3330001831,1931,1936.0
906,Stórinúpur,64.0670013428,-20.1830005646,1883,1929.0
907,Hæll,64.065071106,-20.2411804199,1932,2015.0
910,Blesastaðir,63.983001709,-20.5499992371,1960,1986.0
915,Forsæti,63.8563690186,-20.720369339,1960,2008.0
919,Lækjarbakki,63.8092002869,-20.8869991302,1960,2006.0
923,Eyrarbakki,63.8645782471,-21.1560192108,1923,2017.0
925,Kaldaðarnes,63.9169998169,-21.1669998169,1940,1943.0
927,Laugardælir,63.9500007629,-20.966999054,1960,1974.0
929,Brjánsstaðir,64.0670013428,-20.75,1960,1961.0
931,Hjarðarland,64.2504196167,-20.3309192657,1990,
932,Vegatunga,64.1829986572,-20.5,1957,1976.0
936,Austurey II,64.1829986572,-20.6499996185,1960,1991.0
938,Miðfell,64.1669998169,-21.0669994354,1965,1991.0
943,Svartagil,64.3000030518,-20.1170005798,1970,1971.0
945,Þingvellir,64.25,-21.1170005798,1934,1982.0
949,Heiðarbær,64.1999969482,-21.2329998016,1965,1991.0
951,Nesjavellir,64.1087799072,-21.2582798004,1981,2022.0
954,Úlfljótsvatn,64.0999984741,-21.0499992371,1936,1937.0
955,Ljósafoss,64.0999984741,-21.0170001984,1937,1972.0
956,Írafoss,64.0881195068,-21.006729126,1972,
957,Reykir í Ölfusi,64.0,-21.1830005646,1971,2001.0
958,Reykjakot,64.016998291,-21.2000007629,1961,1966.0
959,Hveragerði,64.0,-21.2000007629,1961,1963.0
960,Alviðra,64.0,-21.1830005646,1965,1966.0
965,Arnarbæli,63.9500007629,-21.2000007629,1915,1920.0
970,Þorlákshöfn,63.8607215881,-21.373670578,1985,1987.0
971,Vogsósar,63.8582191467,-21.7129802704,1995,
972,Krísuvík,63.8829994202,-22.0669994354,1975,1979.0
982,Svartsengi,63.8829994202,-22.4330005646,1990,1990.0
983,Grindavík,63.8437995911,-22.417049408,1921,2008.0
985,Reykjanes,63.8170013428,-22.716999054,1927,1998.0
987,Sandgerði,64.0500030518,-22.7000007629,1930,1930.0
990,Keflavíkurflugvöllur,63.9802398682,-22.5952606201,1952,
1350,Keflavíkurflugvöllur,63.9828987122,-22.6005191803,2008,
1357,Njarðvík,63.9867286682,-22.5334701538,1998,1998.0
1361,Grindavík,63.8437805176,-22.417049408,2008,
1362,Grindavík,63.8392982483,-22.4274997711,1995,2008.0
1368,Afstapahraun,63.9908218384,-22.1714000702,2000,2008.0
1370,Hvassahraun,64.0196762085,-22.0918807983,2020,
1391,Þorlákshöfn,63.8606987,-21.3736991882,1995,2008.0
1395,Eyrarbakki,63.8692016602,-21.1601791382,2005,
1452,Sandgerði,64.0381011963,-22.7168006897,1998,1998.0
1453,Garðskagaviti,64.0817184448,-22.6893196106,1995,
1469,Reykjavík Hljómskálagarður,64.1410522461,-21.9436302185,2022,
1470,Reykjavík,64.1288375854,-21.9082202911,2021,
1471,Seltjarnarnes Suðurnes,64.154510498,-22.0325107574,2019,
1472,Kópavogur Fossvogsdalur,64.1163482666,-21.8616695404,2021,
1473,Straumsvík,64.043800354,-22.0404491425,2001,
1474,Garðabær Urriðaholt,64.0711669922,-21.9106674194,2019,
1475,Reykjavík - Bústaðavegur,64.1275482178,-21.9020004272,1993,
1477,Reykjavíkurflugvöllur,64.1284484863,-21.940700531,2001,
1478,Reykjavík Geirsnef,64.1281814575,-21.8409004211,2019,
1479,Reykjavík Korpa,64.1505279541,-21.7510509491,1994,
1480,Reykjavík Geldinganes,64.1677780151,-21.8038005829,2004,2026.0
1481,Hólmsheiði,64.1084976196,-21.6863708496,2006,
1482,Reykjavík Víðidalur,64.1034698486,-21.7972507477,2018,
1483,Miðdalsheiði,64.1044464111,-21.5447998047,2001,2011.0
1485,Bláfjöll úrkomustöð,63.9799804688,-21.6556301117,1997,
1486,Bláfjöll,63.96900177,-21.6660995483,1997,
1487,Bláfjallaskáli,63.9831008911,-21.6496505737,2001,
1490,Hellisskarð,64.0333328247,-21.3665294647,2001,
1493,Ölkelduháls,64.0552825928,-21.2531700134,2001,
1494,Kolviðarhóll I,64.0359725952,-21.4004707336,2003,2004.0
1495,Kolviðarhóll II,64.0390014648,-21.3992195129,2003,2004.0
1496,Skarðsmýrarfjall,64.056678772,-21.3469295502,2006,
1570,Akranes,64.3170013428,-22.0830001831,1997,2007.0
1573,Hafnarfjörður,64.0670013428,-21.9829998016,1998,1998.0
1574,Reykjavíkurhöfn,64.1500015259,-21.9330005646,1998,1998.0
1575,Eyjargrandi í Reykjavík,64.1669998169,-21.9330005646,1998,1998.0
1576,Sundahöfn í Reykjavík,64.1500015259,-21.8670005798,1998,1998.0
1578,Skrauthólar,64.2318191528,-21.8046302795,2001,
1579,Mosfellsbær Blikastaðanes,64.1669235229,-21.7436904907,2025,
1590,Skálafell,64.2404785156,-21.463300705,1995,
1596,Þingvellir,64.2807006836,-21.0875301361,1996,
1672,Ás í Melasveit,64.3960723877,-22.008020401,2001,2006.0
1673,Hafnarmelar,64.4647293091,-21.962770462,1998,2022.0
1678,Grundartangi,64.3499984741,-21.783000946,1995,2009.0
1679,Skarðsheiði Miðfitjahóll,64.4901809692,-21.7621307373,2009,
1685,Þyrill,64.3877334595,-21.4168796539,2003,
1689,Botnsheiði,64.4529495239,-21.4034194946,2001,2024.0
1777,Hvanneyri,64.5615997314,-21.7745990753,2022,
1779,Hvanneyri skóli,64.5622024536,-21.7649307251,1997,2025.0
1781,Stafholtsey,64.6430206299,-21.5893001556,2018,
1868,Fíflholt á Mýrum,64.6943206787,-22.1473293304,2006,
1881,Litla-Skarð,64.7267990112,-21.6296806335,2000,2022.0
1919,Gufuskálar,64.9041366577,-23.931640625,1994,
1924,Ólafsvík,64.8956756592,-23.7162399292,2000,
1925,Ólafsvíkurhöfn,64.9000015259,-23.716999054,1998,2008.0
1936,Bláfeldur,64.8393325806,-23.301700592,2003,
1938,Grundarfjörður,64.9213027954,-23.2512702942,2003,
2050,Stykkishólmur,65.0717010498,-22.7323703766,2002,
2175,Ásgarður,65.2296981812,-21.7542705536,2003,
2197,Reykir í Hrútafirði,65.2542800903,-21.0977802277,2003,
2266,Reykhólar,65.4376525879,-22.205619812,2004,
2304,Bjargtangar,65.5028991699,-24.5311698914,1994,
2315,Lambavatn,65.4923782349,-24.0925197601,2006,
2318,Patrekshöfn,65.5999984741,-24.0,1995,2007.0
2319,Patreksfjörður,65.5950698853,-23.9748306274,1996,
2320,Patreksfjörður - Brellur,65.6047515869,-23.9903202057,2014,
2323,Tálknafjörður,65.6276016235,-23.8302307129,2008,
2370,Arnkatla,65.5528488159,-21.8257198334,2013,2022.0
2390,Ennishöfði,65.5781784058,-21.3221302032,2015,2022.0
2428,Bíldudalur,65.6794204712,-23.6121692657,1998,
2443,Dynjandiheiði I,65.6999969482,-23.0830001831,1993,1997.0
2453,Þingmannaheiði I,65.6500015259,-22.7999992371,1994,1995.0
2454,Þingmannaheiði,65.6569671631,-23.0028495789,2000,2004.0
2480,Bjarnarfjarðarháls,65.7283935547,-21.5717506409,2013,2024.0
2481,Hólmavík,65.6873168945,-21.6812992096,2007,
2525,Þingeyrarflugvöllur,65.8700027466,-23.5482997894,2006,2006.0
2530,Hólar í Dýrafirði,65.8686141968,-23.5577793121,2020,
2630,Suðureyri,66.1250762939,-23.5077362061,2021,
2631,Flateyri,66.0498580933,-23.5100593567,1997,
2636,Þverfjall,66.0444335938,-23.3074493408,1990,
2640,Seljalandsdalur,66.0759506226,-23.1986694336,1995,
2641,Seljalandsdalur - skíðaskáli,66.0666885376,-23.2141990662,2005,
2642,Ísafjörður - vindur,66.0596313477,-23.1699295044,1998,
2643,Hnífsdalur,66.1065979004,-23.1091003418,2018,2022.0
2644,Ísafjörður - Tungudalur,66.0600280762,-23.1847496033,2023,
2646,Súðavík,66.0426025391,-22.9860496521,1995,
2655,Æðey,66.1006469727,-22.6593704224,2012,
2691,Litla-Ávík,66.0211105347,-21.4248409271,2022,
2692,Gjögurflugvöllur,65.9950790405,-21.3303699493,1994,
2693,Gjögur,65.9967727661,-21.3278007507,2016,
2738,Bolungarvík,66.1610183716,-23.2538299561,1999,
2841,Sléttunes Jökulfjörðum,66.2962036133,-22.9640102386,2013,2023.0
2862,Hornbjargsviti,66.4106521606,-22.378900528,1995,
2941,Straumnesviti,66.430519104,-23.1345329285,1995,
3007,Austurárdalsháls,65.1230010986,-20.6961193085,2009,
3054,Sáta,65.0627822876,-18.8383293152,1992,
3103,Haugur,65.1838989258,-20.7850494385,2003,
3122,Grímstunguheiði,65.2224502563,-20.056230545,2009,2016.0
3128,Auðkúluheiði Friðmundarvötn,65.3138809204,-19.8472499847,2011,2014.0
3223,Brúsastaðir,65.3783721924,-20.2472991943,2003,
3225,Kolka,65.2306976318,-19.7176990509,1993,
3229,Blönduvirkjun,65.4164962769,-19.821100235,2024,
3242,Nautabú,65.4582519531,-19.3691196442,2004,
3292,Svartárkot,65.3418731689,-17.2465000153,2003,
3317,Blönduós,65.6579971313,-20.2925205231,2003,
3339,Langamýri sólgeislunarstöð,65.5592575073,-19.4234371185,2024,
3371,Torfur,65.5009689331,-18.1616001129,2006,
3380,Reykir í Fnjóskadal,65.5851211548,-17.7666702271,2000,
3433,Sauðárkrókur flugvöllur,65.7259292603,-19.5736808777,2007,
3463,Möðruvellir,65.770652771,-18.251329422,1996,
3470,Akureyri lögreglustöð,65.6855773926,-18.1002292633,2004,
3471,Akureyri - Krossanesbraut,65.6961212158,-18.1113204956,2005,
3474,Vaðlaheiði,65.7483139038,-18.0021095276,1999,
3477,Végeirsstaðir í Fnjóskadal,65.8169708252,-17.8857002258,2001,
3482,Ljósavatnsskarð,65.7014770508,-17.6991996765,2025,
3490,Gæsafjöll,65.7873306274,-17.0034809113,2010,2021.0
3585,Björg í Kinn,65.9453964233,-17.5918502808,2022,
3591,Staðarhóll,65.8209762573,-17.3445796967,2012,
3595,Sóleyjarflatamelar,65.8914031982,-17.2267799377,2006,2015.0
3596,Rauðhálsar,65.8560028076,-17.2015304565,2015,2022.0
3658,Ólafsfjörður,66.0738525391,-18.6655807495,1997,
3662,Dalvík,65.9739532471,-18.5256690979,1995,2008.0
3691,Húsavíkurhöfn,66.0450668335,-17.3541297913,1997,2008.0
3692,Bakkahöfði við Húsavík,66.0767974854,-17.3609008789,2002,2010.0
3693,Gvendarbás við Húsavík,66.0236206055,-17.3794498444,2002,2005.0
3694,Húsavíkurfjall,66.0539321899,-17.3192195892,2002,2005.0
3695,Húsavík Héðinshöfði,66.0804290771,-17.3216495514,2007,2012.0
3696,Húsavík,66.0418167114,-17.3280792236,2002,
3720,Skagatá,66.1192169189,-20.0988693237,1996,
3751,Sauðanesviti,66.1844406128,-18.9533996582,2020,
3752,Siglufjörður,66.1349487305,-18.9189815521,1995,
3754,Siglunes,66.1937713623,-18.8430805206,1995,2021.0
3779,Flatey á Skjálfanda,66.1631469727,-17.8407802582,2005,
3797,Mánárbakki,66.1994018555,-17.1027507782,2005,
3975,Grímsey,66.5329971313,-18.0170001984,1994,2005.0
3976,Grímsey,66.5437774658,-18.0167293549,2005,
4019,Upptyppingar,65.0606536865,-16.2103996277,1999,
4020,Krepputunga I,65.0790710449,-16.2066001892,1991,1999.0
4060,Hallormsstaður,65.0939025879,-14.7448997498,1992,
4180,Seyðisfjörður - Vestdalur,65.2813720703,-14.0004196167,1995,
4181,Seyðisfjörður - Kálfabotnar,65.2650680542,-14.0328798294,2005,
4182,Seyðisfjörður,65.2548675537,-14.0064496994,2014,
4183,Seyðisfjörður - Innri-Botnar,65.2595291138,-13.9895000458,2021,
4193,Dalatangi,65.2681503296,-13.5749702454,1994,
4271,Egilsstaðaflugvöllur,65.2761764526,-14.4046001434,1998,
4275,Gagnheiði,65.2234725952,-14.2588796616,1993,
4276,Gagnheiði II,65.2234115601,-14.2589483261,2022,
4300,Mývatn,65.6193313599,-16.9768371582,1996,
4302,Reykjahlíð,65.641708374,-16.891740799,2013,2013.0
4303,Bjarnarflag,65.6297531128,-16.8370704651,2004,2012.0
4304,Vogar,65.6248626709,-16.9223594666,2013,2013.0
4323,Grímsstaðir á Fjöllum,65.6421966553,-16.1284198761,2012,
4374,Húsey,65.6299972534,-14.2700004578,2013,2013.0
4380,Bakkagerði,65.5235214233,-13.8167295456,2017,
4404,Krókóttuvötn Reykjahlíðarheiði,65.7101516724,-16.8785495758,2008,2010.0
4406,Krafla,65.6945037842,-16.7748298645,2011,
4455,Skjaldþingsstaðir,65.7035522461,-14.8207798004,2006,
4472,Bjarnarey,65.785697937,-14.3081998825,1996,
4500,Þeistareykir,65.9110336304,-16.9762306213,2005,
4560,Sandvíkurheiði LV,65.9300003052,-14.8400001526,2013,2013.0
4614,Ásbyrgi,66.0299530029,-16.4832992554,1998,
4652,Miðfjarðarnes,66.0668182373,-15.0799303055,2008,
4828,Raufarhöfn,66.4560012817,-15.9526996613,2005,
4830,Möðrudalur,65.3753662109,-15.8833303452,2003,
4832,Landsendi,66.4000015259,-15.8100004196,2013,2013.0
4867,Fontur,66.3783493042,-14.5325803757,1994,
4912,Rauðinúpur,66.5082015991,-16.544380188,1997,
4921,Rif á Melrakkasléttu,66.5111236572,-16.1439208984,2018,
5208,Leirur á Skeiðarársandi,63.8199996948,-16.6900005341,2013,2013.0
5210,Ingólfshöfði,63.8028297424,-16.6508998871,2004,
5309,Fagurhólsmýri,63.8743286133,-16.6364307404,2003,
5316,Kvísker,63.9776802063,-16.4365501404,2008,
5544,Höfn í Hornafirði,64.2690811157,-15.21352005,2007,
5548,Akurnes,64.3100814819,-15.2209196091,2003,2007.0
5552,Hvanney,64.2319030762,-15.2002496719,1995,2008.0
5777,Papey,64.5911483765,-14.1746902466,1998,
5825,Brúaröræfi,64.8281021118,-16.0896701813,2006,
5847,Innri Sauðá,64.8161087036,-15.3227796555,2014,2021.0
5853,Sauðahnjúkur,64.7722167969,-15.0516700745,1992,2004.0
5860,Líkárvatn,64.7981185913,-14.7898797989,1999,2009.0
5872,Teigarhorn,64.6756668091,-14.3443803787,2001,
5885,Kambanes,64.8015060425,-13.8430423737,1994,
5932,Brúarjökull B10,64.7279968262,-16.1117305756,2005,2025.0
5933,Kárahnjúkar,64.9283676147,-15.7771196365,1998,
5940,Brú á Jökuldal,65.1085662842,-15.5297298431,1998,
5943,Eyjabakkar,64.8150787354,-15.4234695435,1997,
5945,Stórilækur,64.9169998169,-15.3500003815,1980,1990.0
5960,Hallormsstaðaháls,65.0795288086,-14.6747503281,1996,
5965,Þórudalur,65.0363693237,-14.571100235,2017,
5968,Brúðardalur,64.9957199097,-14.5106296539,2006,2017.0
5969,Þórdalsheiði,65.0009231567,-14.4624795914,2006,2021.0
5970,Hallsteinsdalsvarp,65.0181732178,-14.4534797668,2007,
5975,Kollaleira,65.0367507935,-14.2396802902,2000,
5977,Ljósá í Reyðarfirði,65.0432510376,-14.1622800827,2000,2004.0
5981,Eskifjörður,65.0763320923,-14.0369501114,1998,
5982,Fáskrúðsfjörður Ljósaland,64.9372329712,-14.0406999588,2007,
5988,Vattarnes,64.9370193481,-13.6845998764,2000,
5990,Neskaupstaður,65.1500930786,-13.6706047058,1999,
5991,Neskaupstaður I,65.1516723633,-13.6835002899,1997,1999.0
5992,Neskaupstaður - Drangagil,65.1620025635,-13.6892995834,2005,
5993,Seley,64.9775009155,-13.5198001862,1996,
5994,Neskaupstaður - Bakkagil,65.1645965576,-13.6667165756,2024,
6011,Surtsey,63.2999992371,-20.6000003815,1996,1996.0
6012,Surtsey,63.2993011475,-20.5994701385,2009,
6015,Vestmannaeyjabær,63.4358711243,-20.2757797241,2002,
6016,Vestmannaeyjar - hraun,63.4379692078,-20.2433204651,2002,2009.0
6017,Stórhöfði,63.3995704651,-20.2882499695,1997,
6045,Vatnsskarðshólar,63.4239082336,-19.1836795807,2003,
6049,Vík í Mýrdal,63.4224205017,-19.0018825531,2024,
6072,Meðallandssandur,63.4872016907,-18.1186008453,2013,2013.0
6121,Bakkaflugvöllur,63.5583305359,-20.1450004578,2006,2006.0
6134,Önundarhorn,63.5242004395,-19.6357002258,2010,
6176,Skarðsfjöruviti,63.5178718567,-17.9785194397,1994,
6208,Þykkvibær,63.7477493286,-20.6181507111,1996,
6222,Sámsstaðir,63.735370636,-20.1090698242,2000,
6235,Tindfjöll,63.775718689,-19.6773204803,2005,
6237,Básar á Goðalandi,63.6790809631,-19.4813804626,2008,
6272,Kirkjubæjarklaustur - Stjórnarsandur,63.7930488586,-18.0119495392,2004,
6300,Selfoss,63.9355010986,-20.9706707001,2019,
6310,Kálfhóll,63.9627799988,-20.5669307709,2003,
6315,Hella,63.8256797791,-20.3653793335,2006,
6393,Skeiðarársandur,63.9034004211,-17.2740001678,2013,2023.0
6420,Árnes,64.0405273438,-20.2520809174,2003,
6424,Mörk á Landi,64.0292510986,-20.0189304352,2008,
6429,Þjófafoss,64.0400009155,-19.8299999237,2013,2013.0
6430,Búrfell,64.1168212891,-19.7448673248,1993,
6438,Sultarfit,64.1600036621,-19.4400005341,2013,2013.0
6459,Lónakvísl,64.0980834961,-18.6140670776,1999,
6472,Laufbali,64.0254516602,-18.1195697784,1993,
6499,Skaftafell,64.0143661499,-16.972120285,1995,
6515,Hjarðarland,64.2508926392,-20.333190918,2004,
6534,Sandafell,64.1900024414,-19.6000003815,2013,2013.0
6539,Búðarháls,64.1900024414,-19.4300003052,2013,2013.0
6544,Þóristungur,64.2200012207,-19.2099990845,2013,2013.0
6545,Vatnsfell I,64.1994171143,-19.0302696228,1999,2002.0
6546,Vatnsfell,64.1955795288,-19.0466709137,2004,
6657,Veiðivatnahraun,64.3951034546,-18.5047702789,1993,
6670,Jökulheimar,64.3163223267,-18.2208003998,1993,
6745,Kerlingarfjöll - Ásgarðsfjall,64.6809997559,-19.282699585,2017,
6748,Setur,64.6043014526,-19.0186004639,1997,
6760,Þúfuver,64.5818023682,-18.5976009369,1993,
6775,Hágöngur syðri,64.5360336304,-18.189748764,2024,
6776,Hágöngur,64.5711669922,-18.1110801697,2004,2024.0
6802,Húsafell,64.6989822388,-20.8689994812,1998,
6935,Hveravellir,64.8667526245,-19.5622196198,1996,
6975,Sandbúðir,64.9329986572,-17.9890003204,1993,
7001,Fagradals - Hagafell,63.9207077026,-22.2496318817,2023,
7002,Siglufjörður - Skarðshnjúkur,66.1286773682,-18.9924907684,2024,2025.0
7049,Vík í Mýrdal,63.4169998169,-19.0170001984,1993,1997.0
7074,Leirur við Reyðarfjörð,65.0277709961,-14.2591495514,1993,1995.0
7078,Sómastaðagerði,65.0331192017,-14.111000061,1998,2003.0
7080,Eyri við Reyðarfjörð,65.0054473877,-13.9893703461,1993,1994.0
7090,Ísakot,64.1194229126,-19.7047290802,2011,2013.0
7091,Haf við Ísakot,64.1335983276,-19.725320816,2011,2013.0
7092,Þjórsárdalur,64.1156311035,-19.8799800873,2011,2013.0
7093,Þorlákshöfn - vestur,63.8415985107,-21.5076999664,2011,2013.0
7094,Háfshverfi,63.7707901001,-20.6882991791,2011,2013.0
7272,Kirkjubæjarklaustur - hitamælaskýli,63.7919998169,-18.0510005951,2008,2012.0
7273,Kirkjubæjarklaustur - nýtt hitamælaskýli,63.7894706726,-18.0542697906,2009,2012.0
7275,Vík í Mýrdal - hitamælaskýli,63.4201812744,-19.0097808838,2012,2012.0
7276,Bergstaðir - hitamælaskýli,65.7029800415,-19.61302948,2012,2012.0
7365,Fagradalsfjall,63.8937110901,-22.2853507996,2021,2022.0
7366,Langihryggur,63.8757286072,-22.2554798126,2022,2022.0
7370,Hvassahraun - Rjúpnadalshraun,64.0093231201,-22.1404476166,2021,
7372,Dysnes,65.8183288574,-18.1933307648,1990,1991.0
7373,Vaðlaheiði I - Breiðaból,65.7333297729,-18.0816707611,1983,1984.0
7374,Vaðlaheiði II - Við veg,65.7366714478,-18.048330307,1983,1984.0
7375,Vaðlaheiði III - Sel MA,65.7383270264,-18.0366706848,1983,1985.0
7470,Reykjavík sólgeislun,64.1289291382,-21.9084835052,2022,2025.0
7471,Kræklingahlíð,65.6861724854,-18.1730003357,1999,2000.0
7472,Vaðlaheiði II,65.7483139038,-18.0021095276,2022,
7474,Reykjavík turnþak,64.1276016235,-21.9041004181,2000,
7475,Reykjavík búveðurstöð,64.1274337769,-21.9024295807,2000,2024.0
7476,Reykjavík sólgeislun - Bústaðavegur,64.1276016235,-21.9021701813,2007,2025.0
7477,Reykjavík tilraunastöð,64.1290664673,-21.9080123901,2018,2022.0
7479,Hamrahlíð,64.1399002075,-21.7437992096,1994,2001.0
7481,Heiðmörk,64.0759735107,-21.7710704803,2018,
7601,Auðbjargarstaðabrekka,66.0996170044,-16.9701805115,1998,2002.0
7631,Flateyri Innra Bæjargil,66.0635986328,-23.5020008087,2020,
7632,Flateyri Miðhryggsgil,66.0618209839,-23.4856128693,2021,
7633,Flateyri Eyrarfjall,66.0690994263,-23.4946498871,2021,
7634,Flateyri - Eyrarfjall austur,66.0662689209,-23.4926548004,2024,
7635,Flateyri - Eyrarfjall vestur,66.06665802,-23.5003471375,2024,
7636,Þverfjall II,66.0447692871,-23.3076400757,2021,
7659,Ólafsfjörður - Tindaöxl,66.0630264282,-18.6308994293,2006,
7711,Langjökull Endurkaststilraun,64.6377792358,-20.552822113,2023,2023.0
7712,Langjökull Endurkaststilraun - samanburður,64.6376495361,-20.5529670715,2023,2023.0
7736,Bolungarvík - Traðargil,66.1684188843,-23.2680702209,2006,
7738,Bolungarvík - Snjóflóðavarnargarður,66.1605529785,-23.2646808624,2016,
7751,Fífladalir,66.1523513794,-18.9362297058,1996,2005.0
7752,Fífladalir Hvanneyrarskál,66.153678894,-18.9372501373,2005,2006.0
7753,Siglufjörður - Hafnarfjall,66.1535263062,-18.9351997375,2006,
7777,Hvanneyri akur,64.5675964355,-21.7411003113,2023,
7783,Stafholtsey - hitamælaskýli,64.6419296265,-21.5907497406,2010,2010.0
7790,Dyngjujökull,64.5038986206,-17.2348003387,2016,2023.0
7935,Hveravallakvos,64.8662033081,-19.5686798096,1996,1996.0
21577,Viðey,64.1649169922,-21.8586902618,2025,
26064,Langabót,63.4627113342,-18.4052505493,2025,
26157,Háalda,63.5301780701,-18.6951560974,2025,
26400,Markalækur,64.0769882202,-20.984249115,2025,
31109,Arnarnesvegur,64.0887527466,-21.8365707397,2016,
31122,Miklidalur,65.5807037354,-23.8551998138,2009,
31361,Gíghæð,63.9031829834,-22.4217834473,2024,
31363,Reykjanesbraut,64.0026702881,-22.2295703888,1995,
31364,Grindavíkurvegur,63.8683280945,-22.4235305786,2012,2024.0
31365,Festarfjall,63.8594818115,-22.343580246,2012,
31372,Kleifarvatn,63.9189796448,-22.015832901,2025,
31374,Sveifluháls,63.9664268494,-21.9456958771,2024,
31380,Selvogur,63.8456001282,-21.6958503723,2012,
31387,Þrengsli,63.9875717163,-21.4632797241,1997,
31392,Hellisheiði,64.0187835693,-21.3423805237,1992,
31399,Ingólfsfjall,63.9574012756,-21.0632801056,2006,
31474,Garðabær - Vífilsstaðavegur,64.0834503174,-21.8962802887,1998,2008.0
31475,Garðabær - Kauptún,64.0796508789,-21.9028701782,2017,
31484,Sandskeið,64.0594329834,-21.5282993317,1999,2012.0
31488,Sandskeið,64.0624008179,-21.5576992035,2012,
31561,Einarsnes í Skerjafirði,64.1307678223,-21.9530296326,1998,2011.0
31562,Víkurvegur í Grafarvogi,64.1333312988,-21.7833309174,1998,2011.0
31572,Akrafjall,64.3105163574,-21.9660491943,2009,
31577,Blikdalsá,64.2664031982,-21.8328800201,2012,
31578,Tíðaskarð,64.2870330811,-21.8119831085,2020,
31579,Kjalarnes,64.210647583,-21.7667007446,1998,
31591,Mosfellsheiði,64.2140426636,-21.3447704315,2012,
31599,Gjábakki,64.2481231689,-21.0230293274,2012,
31640,Reykjanesviti,63.8156051636,-22.7043209076,2021,
31674,Hafnarfjall,64.4754714966,-21.9602794647,1995,
31840,Hraunsmúli,64.8220672607,-23.1893501282,1999,
31882,Kolás,64.6955566406,-21.6359004974,2012,
31931,Fróðárheiði,64.847869873,-23.48072052,1995,
31932,Búlandshöfði,64.9365692139,-23.5033493042,2010,
31941,Kolgrafir,64.9664535522,-23.125,1999,1999.0
31942,Kolgrafafjarðarbrú,64.9664535522,-23.1259994507,2005,
31943,Kolgrafafjörður,64.9110717773,-23.0875205994,1999,2012.0
31948,Vatnaleið,64.9095230103,-22.8649196625,2001,
31950,Stórholt,64.9859008789,-22.8085002899,2012,
31953,Kerlingarskarð,64.9000015259,-22.7999992371,1996,2001.0
31958,Hafursfell,64.8309783936,-22.5328197479,2009,
31985,Brattabrekka,64.8716278076,-21.5154495239,1998,
31986,Brattabrekka - suður,64.866317749,-21.5177669525,2022,2023.0
32097,Holtavörðuheiði,64.9899215698,-21.0576190948,1995,
32179,Svínadalur í Dölum,65.305847168,-21.7396202087,2002,
32190,Laxárdalsheiði,65.2065811157,-21.3276805878,2000,
32224,Kleifaheiði,65.5171737671,-23.7210998535,1996,
32250,Flatey á Breiðafirði,65.3718948364,-22.928560257,2023,
32281,Kleifar í Gilsfirði,65.4550018311,-21.6643791199,1994,2002.0
32282,Gilsfjörður,65.4184036255,-21.9006309509,1993,2012.0
32322,Hálfdán,65.6444473267,-23.7105808258,1995,
32336,Hrafnanes,65.4917907715,-23.3172397614,2025,
32355,Klettsháls,65.6549682617,-22.6088294983,1999,
32363,Hallsteinsnes,65.5292129517,-22.3344898224,2024,
32365,Hjallaháls,65.5640029907,-22.2460803986,2012,
32372,Gillastaðamelar,65.5277175903,-22.0233802795,2009,
32377,Þröskuldar,65.5524215698,-21.8330192566,2009,
32390,Ennisháls,65.5723724365,-21.329000473,1998,
32439,Dynjandisheiði,65.7101974487,-23.2039699554,2001,2012.0
32440,Dynjandisheiði II,65.7158813477,-23.1843700409,2001,2012.0
32474,Steingrímsfjarðarheiði,65.7503204346,-22.1291294098,1995,
32533,Gemlufallsheiði,65.9400024414,-23.4363994598,2009,
32635,Botn í Súgandafirði,66.0808334351,-23.3733005524,2012,
32643,Óshlíð,66.1279830933,-23.1333503723,2006,2012.0
32654,Ögur,66.044883728,-22.6816997528,1997,
33023,Arnarvatnsheiði - Stórisandur,65.0169525146,-20.0587501526,2004,2008.0
33142,Eyvindarstaðaheiði,65.2524719238,-19.312379837,2004,2012.0
33204,Gauksmýri,65.3444213867,-20.8039798737,2006,
33357,Öxnadalsheiði,65.4676208496,-18.698720932,1995,
33394,Mývatnsheiði,65.6142501831,-17.2168998718,1999,
33419,Blönduós Vegagerðarstöð,65.6667785645,-20.2382698059,1998,
33420,Refasveit,65.7196273804,-20.2274227142,2024,
33424,Þverárfjall,65.7800521851,-20.0185508728,2003,
33431,Vatnsskarð,65.5084991455,-19.6944999695,1996,
33451,Miðsitja í Skagafirði,65.4900970459,-19.2862796783,2017,
33480,Kaldakinn,65.7426071167,-17.591999054,2013,
33487,Fljótsheiði,65.6970062256,-17.5032291412,2012,
33495,Hólasandur,65.7373733521,-17.105670929,1996,
33563,Hámundarstaðaháls,65.951751709,-18.459280014,2008,
33576,Víkurskarð,65.8140029907,-17.9911994934,1995,
33643,Stafá,66.0710830688,-19.2784500122,2012,
33652,Hólshyrna,66.1316833496,-18.9022827148,2020,
33654,Héðinsfjörður,66.1022262573,-18.8129501343,2010,
33661,Ólafsfjarðarvegur við Sauðanes,66.042350769,-18.5207500458,2010,
33750,Siglufjarðarvegur,66.1289825439,-19.0721302032,1995,
33751,Siglufjarðarvegur Herkonugil,66.1783676147,-18.9752006531,2010,
34073,Fagridalur,65.1264190674,-14.3326702118,1996,
34075,Fáskrúðsfjarðargöng norður,65.0100021362,-14.1979999542,2007,2012.0
34081,Græfur í Fagradal,65.1681671143,-14.3389501572,2017,
34087,Oddsskarð,65.0637283325,-13.9187297821,1995,
34148,Jökuldalur,65.3019485474,-15.2237300873,2012,
34175,Fjarðarheiði,65.26612854,-14.2589702606,1995,
34238,Möðrudalsöræfi II,65.4569778442,-15.5854997635,2000,
34239,Möðrudalsöræfi,65.4576187134,-15.4157800674,2001,2001.0
34326,Biskupsháls,65.5583496094,-16.0113296509,2007,
34335,Möðrudalsöræfi I,65.3166732788,-15.6333303452,1995,2000.0
34346,Vopnafjarðarheiði I,65.4853286743,-15.5462303162,1995,2001.0
34347,Vopnafjarðarheiði,65.591178894,-15.2921800613,2001,2012.0
34348,Vopnafjarðarheiði,65.5946502686,-15.315779686,2012,
34382,Vatnsskarð eystra,65.5623321533,-13.9897298813,1999,
34413,Mývatnsöræfi,65.6575698853,-16.5005702972,1998,
34415,Dettifoss,65.8149490356,-16.4430828094,2022,
34450,Hauksstaðir,65.6570663452,-15.1651802063,2012,
34559,Sandvíkurheiði,65.8913726807,-14.8253202438,1997,
34700,Tjörnes - Gerðibrekka,66.1486816406,-16.9752292633,2004,
34732,Hófaskarð,66.2984313965,-15.8932695389,2010,
34733,Hálsar,66.2531509399,-15.8161296844,1995,
35107,Hvaldalsá,64.4201965332,-14.5375795364,2016,
35116,Borgarhöfn,64.1848297119,-15.814499855,2019,
35305,Öræfi,63.9386787415,-16.7958507538,1995,
35315,Kvísker Vegagerðarstöð,63.9595985413,-16.4244194031,2002,
35550,Höfn í Hornafirði,64.1999969482,-15.1999998093,1995,1996.0
35553,Almannaskarð - göng,64.2829971313,-15.0380001068,2009,2012.0
35666,Hvalnes,64.4074172974,-14.5393295288,2000,
35769,Hamarsfjörður,64.6558227539,-14.4527196884,2010,
35880,Streiti,64.7199478149,-14.0362796783,2008,
35884,Kambaskriður,64.7981491089,-13.8901195526,2010,
35963,Öxi,64.8257293701,-14.6573200226,2006,
35965,Breiðdalsheiði,64.906829834,-14.6033697128,1997,
35978,Fáskrúðsfjarðargöng suður,64.9619979858,-14.1750001907,2008,2012.0
35985,Víkurgerði,64.895614624,-13.8546953201,2018,
36049,Reynisfjall,63.4520683289,-19.0377502441,2009,
36122,Markarfljót,63.6215705872,-20.0285205841,2010,
36127,Hvammur,63.5784301758,-19.9016208649,2001,
36132,Steinar,63.5429191589,-19.6905708313,1997,
36152,Hattgil undir Mýrdalsjökli,63.5307502747,-18.8839492798,2001,2001.0
36156,Mýrdalssandur,63.4661483765,-18.604429245,1995,
36270,Eldhraun,63.7337684631,-18.197719574,2014,
36308,Þjórsárbrú,63.9306182861,-20.6653003693,2004,
36382,Núpahraun,63.933380127,-17.7053508759,2024,
36386,Lómagnúpur,63.9574508667,-17.5550308228,1999,
36391,Gígjukvísl,63.9362182617,-17.3502693176,2014,
36411,Skálholt,64.1322784424,-20.5307807922,1998,
36415,Bræðratunguvegur,64.1575012207,-20.3677997589,2012,
36504,Lyngdalsheiði,64.2018203735,-20.8062000275,2010,
36519,Gullfoss,64.3076705933,-20.2119007111,2001,
