coarse_bin,observed_accidents,expected_accidents,background_measurements,stations,bootstrap_ci_95_low,bootstrap_ci_95_high,bootstrap_median,bootstrap_standard_error,bootstrap_probability_above_1,bootstrap_reps,bootstrap_stations,relative_accident_frequency,variable,radius_km,severity_group,analysis_season,max_time_difference_minutes,bin_order
0-5,2425,2568.749030730972,78905616,254,0.9181159535506208,0.9707491385880054,0.943910301904267,0.01325299775836361,0.0,5000,254,0.944039285655685,f,10,Injury accidents,All seasons,5,0
5-10,1607,1596.3367762737164,47802918,254,0.9614550143314332,1.0542657722080098,1.0062748865045723,0.02340504229659798,0.6076,5000,254,1.0066798083491972,f,10,Injury accidents,All seasons,5,1
10-15,566,541.0335036181405,15653720,254,0.9585570697713021,1.1476973245200133,1.0463869718626508,0.04801876739909431,0.8376,5000,254,1.0461459340593458,f,10,Injury accidents,All seasons,5,2
15-20,192,123.80527351852652,3774928,250,1.341649138972489,1.7550214363888117,1.5497489066807275,0.10587792949711085,1.0,5000,254,1.5508224693778383,f,10,Injury accidents,All seasons,5,3
20-25,53,22.80856127911293,768787,238,1.6696680777749058,3.0628694495621387,2.314696424865799,0.3578424393653596,1.0,5000,254,2.323688870658188,f,10,Injury accidents,All seasons,5,4
>=25,15,5.266854579531506,187316,207,0.9001473097015331,6.197723110416,2.7630384572547233,1.3821861877185464,0.9648,5000,254,2.847999650169622,f,10,Injury accidents,All seasons,5,5
0-5,3107,3279.810421849389,85269337,270,0.9247126987378168,0.9703141519918073,0.9474309581884761,0.011694084502717802,0.0,5000,270,0.9473108504387439,f,20,Injury accidents,All seasons,5,0
5-10,2085,2035.930897782972,52276610,270,0.9865484744475735,1.0657105822262478,1.024024956754738,0.020449433010041977,0.8852,5000,270,1.0241015558388853,f,20,Injury accidents,All seasons,5,1
10-15,700,683.7664006315317,17403408,270,0.9410985857005101,1.1069281073781405,1.0228132364448785,0.04231768400625678,0.6986,5000,270,1.0237414405760137,f,20,Injury accidents,All seasons,5,2
15-20,223,157.1247404293699,4272703,266,1.2251162371708109,1.6042659157170973,1.4140501241225556,0.09769254604905761,1.0,5000,270,1.4192545323582704,f,20,Injury accidents,All seasons,5,3
20-25,61,28.95002284178858,875172,255,1.541599670084574,2.7309932670790555,2.1149818245557137,0.306183765383003,1.0,5000,270,2.107079511935588,f,20,Injury accidents,All seasons,5,4
>=25,16,6.417516464948717,212045,223,0.856546213735771,5.36934419521696,2.4337909293897715,1.1531653790636112,0.9558,5000,270,2.4931763069699984,f,20,Injury accidents,All seasons,5,5
0-5,3205,3385.710855840106,86506133,272,0.9240785217434723,0.9693060318250909,0.9462152983008352,0.011461734686527811,0.0,5000,272,0.946625431546113,f,30,Injury accidents,All seasons,5,0
5-10,2169,2106.4220823679543,53270384,272,0.9928168705845396,1.0706008058011118,1.0299839257587635,0.01964440577272697,0.9452,5000,272,1.0297081568579542,f,30,Injury accidents,All seasons,5,1
10-15,719,706.8903538311121,17850954,272,0.940904162438114,1.1005808656647527,1.0179734650733034,0.04109904548858011,0.6576,5000,272,1.017130869169819,f,30,Injury accidents,All seasons,5,2
15-20,227,162.88620880433106,4416475,268,1.20335408040991,1.5792613859697477,1.3918883167495544,0.09567679246702376,1.0,5000,272,1.3936109242537922,f,30,Injury accidents,All seasons,5,3
20-25,62,30.19849469150634,910242,257,1.5064803824499164,2.6774145429520577,2.0508244198612875,0.29505692384098786,1.0,5000,272,2.053082467631679,f,30,Injury accidents,All seasons,5,4
>=25,17,6.89200446499003,224230,226,0.9308443057113167,5.2331406042054915,2.4319988377399637,1.1293662475384518,0.965,5000,272,2.4666263764564453,f,30,Injury accidents,All seasons,5,5
0-5,734,762.5353359838282,63042717,229,0.9116768203416136,1.0133774107285407,0.9618086657364509,0.025871348812494595,0.0698,5000,229,0.9625783427504881,f,20,Serious or fatal,All seasons,5,0
5-10,466,457.9080908275683,38059636,229,0.9446680856280951,1.092176713055772,1.0171866649964256,0.03792183910197656,0.6854,5000,229,1.0176714701804184,f,20,Serious or fatal,All seasons,5,1
10-15,144,144.36095672276286,12160004,229,0.8384846064031328,1.1717180519513573,1.0006415304350147,0.08417954899879265,0.5046,5000,229,0.9974996236450825,f,20,Serious or fatal,All seasons,5,2
15-20,46,31.868888295698525,2860785,225,1.0291984450891236,1.9036870719866057,1.4402173844999298,0.22310335847672347,0.9822,5000,229,1.4434140147338874,f,20,Serious or fatal,All seasons,5,3
20-25,11,5.982372442018774,566735,216,0.6799115282980582,3.3510949463634763,1.8106679545414344,0.6917721719616647,0.9122,5000,229,1.8387354024865774,f,20,Serious or fatal,All seasons,5,4
>=25,3,1.344355728123213,139129,188,0.0,6.685932747762604,2.172620746607028,1.6928636228569818,0.82,5000,229,2.2315522128865015,f,20,Serious or fatal,All seasons,5,5
0-5,77,74.4074038987747,14822641,88,0.876957009173596,1.1891951568100452,1.0331191966713429,0.08014330597304178,0.6548,5000,88,1.0348432543722708,f,20,Fatal,All seasons,5,0
5-10,35,45.32845385953059,8937808,88,0.5686846102668159,0.9912247146103909,0.7723538565064575,0.10955677123244344,0.0202,5000,88,0.7721419333750567,f,20,Fatal,All seasons,5,1
10-15,19,14.85622907117601,2961898,88,0.8041915513194802,1.7610561993733693,1.2809607268237035,0.24554939518619073,0.871,5000,88,1.2789248138926261,f,20,Fatal,All seasons,5,2
15-20,7,3.47191273223541,718426,88,0.709454198979925,3.5853274758531195,1.992819995050342,0.7308272917036446,0.9318,5000,88,2.016179708380231,f,20,Fatal,All seasons,5,3
20-25,1,0.7363877713578288,153088,87,0.0,5.209170421609594,1.2726977664904096,1.5447691457330759,0.6094,5000,88,1.3579801823108704,f,20,Fatal,All seasons,5,4
>=25,0,0.19961266692543775,46010,64,0.0,0.0,0.0,0.0,0.0,5000,88,0.0,f,20,Fatal,All seasons,5,5
0-5,865,898.0391276297618,22063672,209,0.9105999616288938,1.0145802682019553,0.9631066307995169,0.026723264378276837,0.077,5000,209,0.9632097014336518,f,20,Injury accidents,Winter,5,0
5-10,672,706.8846787652485,17114453,209,0.8906536257620493,1.0173330689160716,0.9504068520038769,0.031926943323502856,0.0688,5000,209,0.9506501133591078,f,20,Injury accidents,Winter,5,1
10-15,341,320.4739306937891,7761220,209,0.9565765177946598,1.17669818841634,1.0647909604167618,0.05577333221097488,0.8796,5000,209,1.0640491077129872,f,20,Injury accidents,Winter,5,2
15-20,119,86.44926692222384,2304005,206,1.0947469298287245,1.6285243039189343,1.3703801551699337,0.13390965085561987,0.9962,5000,209,1.3765298913067847,f,20,Injury accidents,Winter,5,3
20-25,32,17.390938296276726,533451,201,1.256625109327606,2.4837275442969453,1.8303637216698108,0.3135493486090244,0.9972,5000,209,1.8400387290690905,f,20,Injury accidents,Winter,5,4
>=25,4,3.7620576927000107,139806,182,0.2130104663658153,2.539876023006229,1.0351235385911042,0.5989026970744442,0.5288,5000,209,1.063247915565383,f,20,Injury accidents,Winter,5,5
0-5,370,413.3264668244206,12813392,185,0.8397660038663296,0.9533432457657831,0.8948918465717006,0.029092029248725976,0.0,5000,185,0.8951761614558655,f,20,Injury accidents,Spring,5,0
5-10,302,280.3625501744718,8454273,185,0.9771270086102992,1.1795624691449602,1.0767125756194302,0.05166100707646006,0.9354,5000,185,1.077176676457191,f,20,Injury accidents,Spring,5,1
10-15,79,79.60315393577078,2474528,185,0.7684615564396516,1.2116899890415413,0.9929844948651003,0.11289711768847494,0.4764,5000,185,0.992422989467761,f,20,Injury accidents,Spring,5,2
15-20,24,14.24585690106276,483302,184,1.0561837828323337,2.330876052878454,1.676078856861062,0.32382458151163585,0.9836,5000,185,1.684700342470067,f,20,Injury accidents,Spring,5,3
20-25,10,2.0993232173175893,77496,167,1.8945705852707875,8.63741640851792,4.661564865396771,1.7282011989352812,0.997,5000,185,4.763439911257449,f,20,Injury accidents,Spring,5,4
>=25,5,0.36264894695646627,13725,98,2.043445334179258,41.81109000794237,13.23681452020476,10.360509579046749,0.9842,5000,185,13.787438353158153,f,20,Injury accidents,Spring,5,5
0-5,1285,1400.277276039291,37711408,250,0.8859627361908302,0.9509259936088424,0.9175180024116312,0.016684645046934024,0.0,5000,250,0.9176753932868532,f,20,Injury accidents,Summer,5,0
5-10,784,696.649163628959,19105258,250,1.0576506865235538,1.1921962965424497,1.1258266764798424,0.034991762649122675,0.9998,5000,250,1.1253871258755501,f,20,Injury accidents,Summer,5,1
10-15,154,148.8958753248135,4264590,249,0.8861800545159478,1.1826492169076341,1.034385326704247,0.07629315219216892,0.6772,5000,250,1.0342798258450878,f,20,Injury accidents,Summer,5,2
15-20,43,23.21832073099838,719925,240,1.3341707912810634,2.4837353630540355,1.8471998700307295,0.29238380990855417,0.9998,5000,250,1.851985787352461,f,20,Injury accidents,Summer,5,3
20-25,4,3.3277189546364014,109212,220,0.22716451960392262,2.921023720786282,1.184853559487769,0.7069992671675858,0.6164,5000,250,1.20202458636927,f,20,Injury accidents,Summer,5,4
>=25,3,0.6316453213016415,19644,137,0.0,19.954905272228,4.413657251164132,5.298693614029017,0.8536,5000,250,4.74950086516568,f,20,Injury accidents,Summer,5,5
0-5,587,568.1675513559154,12680865,184,0.9801150547310727,1.085794117614143,1.0329555106595771,0.027130534726328575,0.883,5000,184,1.033145941895382,f,20,Injury accidents,Fall,5,0
5-10,327,352.0345052142928,7602626,184,0.8533054872035004,1.0033301678642546,0.929379334220664,0.03795140749371632,0.0298,5000,184,0.9288862175625267,f,20,Injury accidents,Fall,5,1
10-15,126,134.79344067715837,2903070,184,0.7862509629753351,1.089874967141709,0.9346123179534909,0.07884037476191832,0.2068,5000,184,0.9347635861731625,f,20,Injury accidents,Fall,5,2
15-20,37,33.21129587508492,765471,182,0.7884579250854112,1.4412388480706881,1.1100259656893998,0.16630057361689832,0.754,5000,184,1.1140787802790122,f,20,Injury accidents,Fall,5,3
20-25,15,6.132042373557863,155013,169,1.2705044883078853,3.8996551287531216,2.4461557292000435,0.6690357445921026,0.9928,5000,184,2.4461670494453664,f,20,Injury accidents,Fall,5,4
>=25,4,1.661164503990599,38870,126,0.0,6.383061337384159,2.3046739686232085,1.648753588251976,0.8436,5000,184,2.407949357448248,f,20,Injury accidents,Fall,5,5
0-5,1541,1717.2307392745977,53119446,254,0.8606333893201593,0.9332974343094266,0.8975056844724734,0.018683558938424435,0.0,5000,254,0.897375038051647,fg,10,Injury accidents,All seasons,5,0
5-10,1675,1619.596581354699,49112818,254,0.9868329970659553,1.08212005938366,1.0348363657858148,0.024860033610800008,0.9148,5000,254,1.0342081597869015,fg,10,Injury accidents,All seasons,5,1
10-15,906,931.5267076424658,27565841,254,0.9019323766760977,1.0453942106493448,0.9714777262038341,0.03634015123156889,0.2158,5000,254,0.9725969127529692,fg,10,Injury accidents,All seasons,5,2
15-20,435,395.94923504617634,11409996,254,0.9874942759922795,1.2194331181744567,1.0986270300337833,0.05875389606850381,0.9556,5000,254,1.0986256860662187,fg,10,Injury accidents,All seasons,5,3
20-25,175,136.18759427818875,4063169,253,1.0804789724560366,1.5023094935672436,1.283298113174411,0.1085143048195682,0.9982,5000,254,1.2849922265498692,fg,10,Injury accidents,All seasons,5,4
25-30,63,41.457517090542744,1294558,251,1.140338406937917,1.915020647932645,1.5153601419262654,0.20010072462234432,0.9968,5000,254,1.519627908791757,fg,10,Injury accidents,All seasons,5,5
30-35,35,11.4742699723033,374006,245,1.932908138321133,4.166125577517419,3.045521368249886,0.5706794390973462,1.0,5000,254,3.0503029896004996,fg,10,Injury accidents,All seasons,5,6
>=35,28,4.577355341025997,153451,228,3.5774144354354442,9.256550681652685,6.114003747825939,1.4532099555557216,0.9998,5000,254,6.117069336750227,fg,10,Injury accidents,All seasons,5,7
0-5,1965,2195.203285834692,57481655,270,0.8639195612132942,0.9264152843027221,0.8948607681999312,0.01574173463461805,0.0,5000,270,0.8951334997901296,fg,20,Injury accidents,All seasons,5,0
5-10,2166,2076.9940500951097,53570919,270,1.0004102911947501,1.0852044169470447,1.043687702771528,0.021603698604789563,0.976,5000,270,1.0428532522280527,fg,20,Injury accidents,All seasons,5,1
10-15,1184,1181.229927891528,30204107,270,0.9438299155016897,1.0642599414301224,1.0017808553893772,0.03084487624784253,0.524,5000,270,1.0023450744373,fg,20,Injury accidents,All seasons,5,2
15-20,525,497.1259269338867,12555529,270,0.9530268112553174,1.1628025302888105,1.0542096307377726,0.0533439346150795,0.8496,5000,270,1.0560704472567577,fg,20,Injury accidents,All seasons,5,3
20-25,209,170.34586616551948,4483502,270,1.046060997025972,1.4233996543672784,1.2226425257221765,0.0964439844929709,0.994,5000,270,1.226915596513047,fg,20,Injury accidents,All seasons,5,4
25-30,75,51.475074297162045,1427865,268,1.104400831881977,1.8220461430671546,1.4547549528919355,0.18543230886335504,0.9964,5000,270,1.4570158668840414,fg,20,Injury accidents,All seasons,5,5
30-35,40,14.090714704636438,413564,261,1.8958834535203313,3.832052938150393,2.823384200688036,0.4912027977825605,1.0,5000,270,2.8387488383991135,fg,20,Injury accidents,All seasons,5,6
>=35,28,5.5351540774655,172134,246,2.9395968883762795,7.568267535343308,5.024633971127589,1.1890619056071317,1.0,5000,270,5.058576438548023,fg,20,Injury accidents,All seasons,5,7
0-5,2025,2266.7362448801723,58307782,272,0.8647009447887416,0.9230808658279988,0.8931568418583486,0.01464487051435086,0.0,5000,272,0.8933549302764374,fg,30,Injury accidents,All seasons,5,0
5-10,2246,2150.199138076033,54494955,272,1.0035260573478426,1.0858855897158757,1.0447219638753484,0.02087229160544245,0.9838,5000,272,1.0445544136947653,fg,30,Injury accidents,All seasons,5,1
10-15,1230,1220.2714238294343,30824845,272,0.950029181743782,1.0676298086659717,1.007447107824182,0.030236370652513923,0.5906,5000,272,1.0079724690594127,fg,30,Injury accidents,All seasons,5,2
15-20,538,512.4999362133215,12861229,272,0.9532833514393058,1.1495867057416593,1.0478955879293148,0.05055171387557627,0.835,5000,272,1.0497562282155377,fg,30,Injury accidents,All seasons,5,3
20-25,214,175.73254191758767,4610888,272,1.0345467235401637,1.4129525252806074,1.2157832824842183,0.09711114624968632,0.9922,5000,272,1.2177596571746991,fg,30,Injury accidents,All seasons,5,4
25-30,77,53.1702640556525,1471241,270,1.0947434903274968,1.818544014791851,1.4475305994860337,0.186655086660337,0.9932,5000,272,1.4481778747497902,fg,30,Injury accidents,All seasons,5,5
30-35,40,14.58879897836195,427646,263,1.8220649262152335,3.7334198972518866,2.740576106020172,0.48754778024681916,1.0,5000,272,2.7418295405487347,fg,30,Injury accidents,All seasons,5,6
>=35,29,5.801652049436603,179832,248,2.9496798257087824,7.445434793566668,4.976928421083871,1.1639188138977616,1.0,5000,272,4.998576224993738,fg,30,Injury accidents,All seasons,5,7
0-5,465,511.4322266872845,42638735,229,0.8418234093158365,0.9773651144510763,0.9082956292426116,0.034552207657701714,0.0046,5000,229,0.9092113788213124,fg,20,Serious or fatal,All seasons,5,0
5-10,516,478.9188151675289,39378299,229,1.0005226136299215,1.1528802152119382,1.0772718636189107,0.03928113002841744,0.9764,5000,229,1.077426869978996,fg,20,Serious or fatal,All seasons,5,1
10-15,242,260.6682440651777,21629975,229,0.834000832614057,1.0311338724860957,0.9292122734816344,0.05093673642697915,0.0862,5000,229,0.9283831287845332,fg,20,Serious or fatal,All seasons,5,2
15-20,107,104.09922088828972,8735834,229,0.837589500520807,1.2380839174936769,1.0255661568454766,0.10170599066688671,0.6066,5000,229,1.027865521825789,fg,20,Serious or fatal,All seasons,5,3
20-25,37,34.52453155986007,3056272,228,0.6769932064288334,1.4964103289505895,1.0652860646393307,0.21009721477786136,0.6176,5000,229,1.0717017242029152,fg,20,Serious or fatal,All seasons,5,4
25-30,26,10.339293268745154,973251,226,1.42639741581679,3.730884628074391,2.489536887597735,0.582964749976282,0.9982,5000,229,2.514678646227774,fg,20,Serious or fatal,All seasons,5,5
30-35,5,2.8651502095954378,289529,218,0.3829078218605588,3.515799684126904,1.6862966771183867,0.7882843760531388,0.8376,5000,229,1.7451092034389377,fg,20,Serious or fatal,All seasons,5,6
>=35,6,1.1525181535183124,127111,204,1.1598717656688728,10.781742467046596,5.029070765041648,2.4642293604070105,0.9794,5000,229,5.205991750918365,fg,20,Serious or fatal,All seasons,5,7
0-5,47,49.77535411669256,10059450,88,0.7240418687549328,1.1716943411452163,0.9420617607308845,0.11447151584331353,0.3012,5000,88,0.9442424033752514,fg,20,Fatal,All seasons,5,0
5-10,49,46.171680009174885,9146117,88,0.8461502684620114,1.2801193623051783,1.060388078238744,0.1108658002365888,0.7102,5000,88,1.0612565969066556,fg,20,Fatal,All seasons,5,1
10-15,18,26.16648857254783,5108394,88,0.4144300278056383,1.020056190991693,0.6842828423567667,0.1544799532083434,0.0312,5000,88,0.687902771137753,fg,20,Fatal,All seasons,5,2
15-20,16,11.09425298009867,2166821,88,0.8420739384231478,2.0980810819622193,1.4291330693398492,0.31626704166873454,0.9208,5000,88,1.4421881336852027,fg,20,Fatal,All seasons,5,3
20-25,4,3.949725785058026,785256,88,0.22660226623734955,2.111789646545258,0.9794021105492828,0.4999001767804095,0.4804,5000,88,1.0127285329863058,fg,20,Fatal,All seasons,5,4
25-30,4,1.3229790523857088,265623,88,0.6449621139914525,6.43423495997609,2.985077870153121,1.5309587933008117,0.9202,5000,88,3.023479466879584,fg,20,Fatal,All seasons,5,5
30-35,1,0.3688180469618737,75798,87,0.0,10.099024724065805,2.6069360491703786,2.958190899292722,0.6446,5000,88,2.7113640675597805,fg,20,Fatal,All seasons,5,6
>=35,0,0.15070143708041622,32412,76,0.0,0.0,0.0,0.0,0.0,5000,88,0.0,fg,20,Fatal,All seasons,5,7
0-5,593,599.2027658586263,14768676,209,0.9182389398437224,1.060528695936276,0.9899158305593023,0.03706745254300747,0.3966,5000,209,0.9896483023576533,fg,20,Injury accidents,Winter,5,0
5-10,559,608.9277977838696,14774355,209,0.8477637101468387,0.9950904200947122,0.9177472932367112,0.03777774693912816,0.0198,5000,209,0.9180070314320078,fg,20,Injury accidents,Winter,5,1
10-15,437,453.5319054251787,11051734,209,0.8766284898982082,1.0602023139778582,0.9649090443013915,0.0467825316972418,0.2246,5000,209,0.9635485282789966,fg,20,Injury accidents,Winter,5,2
15-20,272,237.0792060415909,5759764,209,1.0076383932365187,1.2822193824203252,1.1460707555164813,0.07032089828057238,0.9792,5000,209,1.147295895500354,fg,20,Injury accidents,Winter,5,3
20-25,108,91.80451094072367,2364996,208,0.9520612671196528,1.4075376776569424,1.1739121669349295,0.11748235261618745,0.9364,5000,209,1.1764127807372498,fg,20,Injury accidents,Winter,5,4
25-30,41,30.09758366983875,828292,208,0.8985666973474499,1.8192839374010858,1.3514460729834719,0.23077350443017236,0.936,5000,209,1.3622356016933919,fg,20,Injury accidents,Winter,5,5
30-35,15,8.840515086092251,257588,206,0.9522103653500953,2.569373913645568,1.6848571272472581,0.41739532065513113,0.9668,5000,209,1.6967337144865853,fg,20,Injury accidents,Winter,5,6
>=35,8,3.515715194079884,111202,199,0.8264062631013686,4.0283237785285015,2.2317531756595503,0.8259792393310182,0.9538,5000,209,2.275497177209123,fg,20,Injury accidents,Winter,5,7
0-5,212,264.5452024450936,8316634,185,0.71811034307164,0.8863025955478333,0.8018904832676448,0.0423419448978397,0.0,5000,185,0.801375334122722,fg,20,Injury accidents,Spring,5,0
5-10,305,289.29016161793686,8824003,185,0.9486777018322861,1.1602395672042802,1.0550604525900642,0.053199748883549024,0.8522,5000,185,1.0543047793060139,fg,20,Injury accidents,Spring,5,1
10-15,172,159.49770271991304,4779551,185,0.9274821626053273,1.2385198544191438,1.0773061466107743,0.07953750850159298,0.8338,5000,185,1.0783854379523052,fg,20,Injury accidents,Spring,5,2
15-20,62,55.814649596365456,1713122,185,0.8441222609148437,1.3819426165337183,1.107277707101583,0.13560732576783996,0.7932,5000,185,1.1108194792651234,fg,20,Injury accidents,Spring,5,3
20-25,15,15.800538143376368,508817,185,0.49429297153962853,1.4354024297598253,0.9320912046224179,0.23702109656039083,0.3892,5000,185,0.9493347545436637,fg,20,Injury accidents,Spring,5,4
25-30,11,3.8326980283395184,129984,182,1.4866920035127362,4.320675161907515,2.8240618692191246,0.7325200044333721,0.9964,5000,185,2.8700408742521386,fg,20,Injury accidents,Spring,5,5
30-35,7,0.8945177406017178,32179,169,2.379017072680931,14.455332568043007,7.543909563505062,3.1035968728910097,0.997,5000,185,7.825445692436787,fg,20,Injury accidents,Spring,5,6
>=35,6,0.3245297083734479,12426,129,4.1308924695753415,38.01132165344009,17.5280996693787,8.593451068020954,0.9948,5000,185,18.488291965848582,fg,20,Injury accidents,Spring,5,7
0-5,756,939.2290690061549,25608584,250,0.7590027358496252,0.8503838754971624,0.8051810629442145,0.02347281362033015,0.0,5000,250,0.8049154619968921,fg,20,Injury accidents,Summer,5,0
5-10,966,843.783810055937,22767788,250,1.0867208486546291,1.203681378711146,1.1443583226591012,0.029678345283621156,1.0,5000,250,1.1448430136813847,fg,20,Injury accidents,Summer,5,1
10-15,390,352.59405277491385,9686029,250,0.9850991530750761,1.2272605556866074,1.1052004360704095,0.061770474984596056,0.955,5000,250,1.1060878563625833,fg,20,Injury accidents,Summer,5,2
15-20,96,102.87041004615489,2862626,250,0.7617500366444911,1.10763915372593,0.9313983293963375,0.08768551293520685,0.2202,5000,250,0.9332129614038445,fg,20,Injury accidents,Summer,5,3
20-25,42,26.325926191648144,755805,250,1.152136847385183,2.0526504604278277,1.5897840872213362,0.23210715642336965,0.9962,5000,250,1.595385465044889,fg,20,Injury accidents,Summer,5,4
25-30,9,6.287225897841986,187390,243,0.5679746539710147,2.4131427549270783,1.4127714219490761,0.47628054218768795,0.8118,5000,250,1.4314739356015729,fg,20,Injury accidents,Summer,5,5
30-35,7,1.4165172446924434,45307,223,1.4841255969736316,9.47223465644795,4.850248857401304,2.0522093956046406,0.9878,5000,250,4.9416976928649055,fg,20,Injury accidents,Summer,5,6
>=35,7,0.4929887826567609,16508,183,3.7162979663230655,31.05473028663911,14.01471640915419,7.077192926538772,0.9988,5000,250,14.199106037010356,fg,20,Injury accidents,Summer,5,7
0-5,404,392.2262485248175,8787761,184,0.9519800485337677,1.1120081559097765,1.0300305178650817,0.04121029832054677,0.7652,5000,184,1.0300177551080891,fg,20,Injury accidents,Fall,5,0
5-10,336,334.99228063736626,7204773,184,0.919529475912697,1.0872276744504141,1.0037543151446393,0.04272612222937556,0.5338,5000,184,1.0030081868176677,fg,20,Injury accidents,Fall,5,1
10-15,185,215.60626697152227,4686793,184,0.749201472873534,0.9599874877506919,0.8563973490739321,0.053665632667990446,0.0022,5000,184,0.8580455596146247,fg,20,Injury accidents,Fall,5,2
15-20,95,101.36166124977542,2220017,184,0.7556700954319053,1.1365165924650291,0.9359073150567028,0.09703763222528523,0.2516,5000,184,0.9372379934253542,fg,20,Injury accidents,Fall,5,3
20-25,44,36.414890889771286,853884,184,0.8543344875956468,1.585826780089817,1.2083225178558452,0.18655716184383533,0.8666,5000,184,1.2082969061527333,fg,20,Injury accidents,Fall,5,4
25-30,14,11.257566701141794,282199,183,0.6142287314397673,1.9835513199572017,1.22314526152458,0.3486170284765335,0.7526,5000,184,1.2436079991051756,fg,20,Injury accidents,Fall,5,5
30-35,11,2.9391646332500265,78490,177,1.9317799341019748,5.752074263705834,3.6986830738663894,0.9702976529886878,0.9988,5000,184,3.7425600034648556,fg,20,Injury accidents,Fall,5,6
>=35,7,1.2019203923554074,31998,154,1.7031692866056518,11.272685777520982,5.720233160770006,2.4315581814202325,0.989,5000,184,5.824013008284248,fg,20,Injury accidents,Fall,5,7
<-6,150,174.75541699258062,4509821,206,0.7209827757179048,1.0027742408679572,0.8567710309959893,0.0725760571707518,0.0282,5000,232,0.8583424913596147,temperature,10,Injury accidents,All seasons,5,0
-6--3,285,271.3171770367448,6527676,214,0.9256218208625842,1.1740796596123093,1.0505345235365433,0.06255268564147419,0.792,5000,232,1.0504310973330013,temperature,10,Injury accidents,All seasons,5,1
-3-0,590,498.31365098090845,11612905,227,1.0829412781794416,1.2876998595615061,1.1817518465757058,0.05232333418836236,1.0,5000,232,1.1839932517172889,temperature,10,Injury accidents,All seasons,5,2
0-3,795,716.9883213595095,16556211,232,1.0233860162180899,1.1932807292714611,1.1075073007163416,0.04410588216622782,0.9946,5000,232,1.1088046713125947,temperature,10,Injury accidents,All seasons,5,3
3-6,478,706.770750843535,17551700,232,0.6222741082463573,0.7358963435866176,0.6752919991407706,0.028702780986481748,0.0,5000,232,0.6763154805564665,temperature,10,Injury accidents,All seasons,5,4
6-9,569,679.5221487649385,18066828,232,0.7784037290729328,0.8966274547081614,0.8376879302207327,0.030401549576231056,0.0,5000,232,0.8373531326891738,temperature,10,Injury accidents,All seasons,5,5
9-12,525,539.7118961989424,13751749,231,0.901715999020274,1.048026099993711,0.9716258671419855,0.03746110279508229,0.2332,5000,232,0.9727412045156782,temperature,10,Injury accidents,All seasons,5,6
12-15,334,234.04901771507542,5722756,221,1.2804950849525996,1.587179620247074,1.4269473076520174,0.07800508422174614,1.0,5000,232,1.427051492292961,temperature,10,Injury accidents,All seasons,5,7
>=15,168,72.57162010776506,1846876,218,1.9746603781560477,2.6938908133514565,2.316901878853897,0.18575968870005158,1.0,5000,232,2.3149545201075683,temperature,10,Injury accidents,All seasons,5,8
<-6,205,255.99925440612682,5266138,230,0.6901415859237124,0.9174381072698404,0.8013555871648239,0.05677462796480648,0.0002,5000,252,0.8007835822630183,temperature,20,Injury accidents,All seasons,5,0
-6--3,412,391.89813933064966,7533726,238,0.9569957362317092,1.1450940521258293,1.050238026469147,0.04849730496046625,0.843,5000,252,1.0512935853782917,temperature,20,Injury accidents,All seasons,5,1
-3-0,839,715.2689802141695,13422948,248,1.089181989698643,1.2509025026749123,1.1708868283961298,0.04150176771668079,1.0,5000,252,1.1729853009266282,temperature,20,Injury accidents,All seasons,5,2
0-3,1131,1028.9728652030826,19149168,252,1.0230051935632813,1.175670839597652,1.0986758624795288,0.038995144235458995,0.9928,5000,252,1.099154349203155,temperature,20,Injury accidents,All seasons,5,3
3-6,710,1034.6424071185384,20293987,252,0.6414294892934045,0.7335781485717547,0.6864877183637166,0.023654720781070105,0.0,5000,252,0.6862274299942316,temperature,20,Injury accidents,All seasons,5,4
6-9,858,1012.7194324883192,20489584,251,0.7984605387796846,0.8985409139881253,0.8472720090542769,0.025945953370515713,0.0,5000,252,0.847223794147839,temperature,20,Injury accidents,All seasons,5,5
9-12,814,804.8941363229026,15349449,250,0.9487596123412406,1.0792137094476073,1.0122266403978932,0.03321299206170087,0.6406,5000,252,1.0113131196590608,temperature,20,Injury accidents,All seasons,5,6
12-15,495,350.8219941483373,6278717,245,1.2881340448656942,1.5415905210403595,1.409920734433438,0.06452257896945598,1.0,5000,252,1.4109719694219065,temperature,20,Injury accidents,All seasons,5,7
>=15,243,111.78279076787396,2014655,242,1.905613625500851,2.464996606411988,2.170196369000122,0.1432523184425358,1.0,5000,252,2.173858769590117,temperature,20,Injury accidents,All seasons,5,8
<-6,205,255.99925440612682,5266138,230,0.6892583842452057,0.9094849279830772,0.8015267357955793,0.05662260511283424,0.0008,5000,252,0.8007835822630183,temperature,30,Injury accidents,All seasons,5,0
-6--3,412,391.89813933064966,7533726,238,0.9587014904028924,1.145188769237754,1.050449704963914,0.04822671720870403,0.8532,5000,252,1.0512935853782917,temperature,30,Injury accidents,All seasons,5,1
-3-0,839,715.2689802141695,13422948,248,1.0934188826313953,1.2522977567530982,1.1719515718224192,0.04098329493369802,1.0,5000,252,1.1729853009266282,temperature,30,Injury accidents,All seasons,5,2
0-3,1131,1028.9728652030826,19149168,252,1.024445158468736,1.1714381242988832,1.0983414247623169,0.03810746916894807,0.9962,5000,252,1.099154349203155,temperature,30,Injury accidents,All seasons,5,3
3-6,710,1034.6424071185384,20293987,252,0.6413630548927455,0.733662821488736,0.6868105981223983,0.02359319913839484,0.0,5000,252,0.6862274299942316,temperature,30,Injury accidents,All seasons,5,4
6-9,858,1012.7194324883192,20489584,251,0.7969908185406793,0.8965703197855539,0.8462933797202357,0.02562647624651853,0.0,5000,252,0.847223794147839,temperature,30,Injury accidents,All seasons,5,5
9-12,814,804.8941363229026,15349449,250,0.9513228018427462,1.079398045930128,1.0115787484640357,0.03287363923960459,0.6356,5000,252,1.0113131196590608,temperature,30,Injury accidents,All seasons,5,6
12-15,495,350.8219941483373,6278717,245,1.2886177765879476,1.540857767799312,1.4100133441095382,0.06411273275927558,1.0,5000,252,1.4109719694219065,temperature,30,Injury accidents,All seasons,5,7
>=15,243,111.78279076787396,2014655,242,1.8946311656252515,2.4696728642473236,2.1739775008306133,0.1451099280814161,1.0,5000,252,2.173858769590117,temperature,30,Injury accidents,All seasons,5,8
<-6,42,50.90201612643866,3602997,175,0.6132603528389738,1.054326997507096,0.8212481721475264,0.11440842951458381,0.0686,5000,211,0.8251146653145056,temperature,20,Serious or fatal,All seasons,5,0
-6--3,69,75.18473348417001,5067769,186,0.7430753360106258,1.0954065026309678,0.9161462387466086,0.08984054485202615,0.1854,5000,211,0.9177395037854036,temperature,20,Serious or fatal,All seasons,5,1
-3-0,131,137.45611825514223,8956135,203,0.8232059522764791,1.0784575165880501,0.9520516699326704,0.06465356924019144,0.232,5000,211,0.9530314231400121,temperature,20,Serious or fatal,All seasons,5,2
0-3,231,206.49091526190912,12955974,211,1.00238572624206,1.2309061775854568,1.1173456161799302,0.058330200002777846,0.9772,5000,211,1.1186932834648151,temperature,20,Serious or fatal,All seasons,5,3
3-6,154,227.26688213930018,14223158,211,0.5930822650143939,0.7734914749307008,0.6768228715784191,0.04558003637366786,0.0,5000,211,0.677617427362812,temperature,20,Serious or fatal,All seasons,5,4
6-9,221,252.98275363353005,15655479,211,0.764878359612074,0.9847370963493844,0.8724353407241507,0.05509270862096539,0.013,5000,211,0.8735773361062384,temperature,20,Serious or fatal,All seasons,5,5
9-12,229,215.12053974391506,12371257,209,0.9511103182697722,1.183673811198814,1.065084914720714,0.05885543066290222,0.8684,5000,211,1.0645194562667395,temperature,20,Serious or fatal,All seasons,5,6
12-15,147,94.37323964653048,5207903,200,1.3430203972335628,1.7843476079092842,1.559686962514085,0.1143101794095265,1.0,5000,211,1.557644948404654,temperature,20,Serious or fatal,All seasons,5,7
>=15,66,30.22280170906407,1708853,190,1.737882121687908,2.6465354486726804,2.177078311064803,0.23313663545459118,1.0,5000,211,2.183781657152125,temperature,20,Serious or fatal,All seasons,5,8
<-6,5,4.90537947201849,872740,62,0.2428513609566193,1.833448382446887,0.9942109878671376,0.40092141451919394,0.4938,5000,74,1.0192891352282223,temperature,20,Fatal,All seasons,5,0
-6--3,6,7.643256090805319,1221938,68,0.24902937893917343,1.3886661697181417,0.7706135345523937,0.2951914529035594,0.2354,5000,74,0.7850057526160713,temperature,20,Fatal,All seasons,5,1
-3-0,12,14.160054649377084,2161359,74,0.46746105258929316,1.2799505257428472,0.8467666521268781,0.2115221829325715,0.2416,5000,74,0.8474543564369572,temperature,20,Fatal,All seasons,5,2
0-3,27,21.19223947730112,3185188,74,0.8894427738616113,1.6612474407824194,1.2614099484573642,0.19770430014846324,0.9152,5000,74,1.2740512879216723,temperature,20,Fatal,All seasons,5,3
3-6,17,22.319469031986362,3435527,74,0.4431472777165429,1.1300317268950837,0.757099669047145,0.17656595298061342,0.0954,5000,74,0.761666864728594,temperature,20,Fatal,All seasons,5,4
6-9,18,23.131843077359303,3971263,74,0.4879653026632346,1.114081389149469,0.7794091340381049,0.16109129044515616,0.0916,5000,74,0.778148111233636,temperature,20,Fatal,All seasons,5,5
9-12,18,20.090673827202615,3653734,72,0.522369997774429,1.2863006920019526,0.8928914863787886,0.19428959239694973,0.2934,5000,74,0.8959380932076126,temperature,20,Fatal,All seasons,5,6
12-15,13,8.852820831639558,1690208,66,0.7860817195046763,2.101493915676982,1.4690947568868764,0.3370852929399891,0.9132,5000,74,1.4684585000905723,temperature,20,Fatal,All seasons,5,7
>=15,9,2.7042635423101187,567927,61,1.5739801501330848,5.06725791843228,3.2899908149909325,0.8908425042301454,0.9942,5000,74,3.3280779994954726,temperature,20,Fatal,All seasons,5,8
<-6,163,191.7718138803126,4148974,181,0.7109555401337734,0.9941346635258463,0.8509027165003138,0.07165425552603721,0.0204,5000,182,0.8499684948578028,temperature,20,Injury accidents,Winter,5,0
-6--3,297,269.77124985337605,5256619,182,0.9954287750888771,1.2019873533465213,1.1006680133686966,0.052669275113826415,0.9678,5000,182,1.1009327352763614,temperature,20,Injury accidents,Winter,5,1
-3-0,538,441.9281967246583,7931964,182,1.1050136871823573,1.327969489408621,1.2154239485808112,0.05727869896602547,1.0,5000,182,1.2173923365546166,temperature,20,Injury accidents,Winter,5,2
0-3,602,521.602394957808,8720457,182,1.0527625330047912,1.2490349131079834,1.154285178401047,0.049505529985058555,0.9988,5000,182,1.154135805010434,temperature,20,Injury accidents,Winter,5,3
3-6,211,319.9746131971844,5150806,182,0.5827808703960622,0.7365681189631843,0.6594850936312782,0.038777083370600963,0.0,5000,182,0.6594273148475415,temperature,20,Injury accidents,Winter,5,4
6-9,65,123.96893995946489,1853379,180,0.4179105057720651,0.6515177106923494,0.52481411526659,0.059305899314476294,0.0,5000,182,0.5243248834849565,temperature,20,Injury accidents,Winter,5,5
9-12,4,10.056981977998477,193863,155,0.0,0.8286133451845762,0.3865597645746025,0.21264030487713695,0.0036,5000,182,0.39773363507568626,temperature,20,Injury accidents,Winter,5,6
12-15,0,1.5244434011838293,20260,85,0.0,0.0,0.0,0.0,0.0,5000,182,0.0,temperature,20,Injury accidents,Winter,5,7
>=15,4,3.4013660480135317,10762,42,0.0,1.2038692801655315,1.1722649653587638,0.5703871365822115,0.6346,5000,182,1.1759980970986885,temperature,20,Injury accidents,Winter,5,8
<-6,13,17.42746706002036,411288,152,0.29941813017943397,1.3269580183193639,0.7308509970106943,0.2608061166441904,0.164,5000,163,0.7459489067015809,temperature,20,Injury accidents,Spring,5,0
-6--3,36,33.836259829345686,872396,162,0.7230286080478612,1.426832192027119,1.0568962622690026,0.1793966759476599,0.6316,5000,163,1.0639473801645694,temperature,20,Injury accidents,Spring,5,1
-3-0,69,80.28112823589952,2107392,163,0.6634271696357985,1.069341131118087,0.8585082676320703,0.10411971995384604,0.0856,5000,163,0.8594796998523633,temperature,20,Injury accidents,Spring,5,2
0-3,128,149.80116006478679,3774863,163,0.7258863715766724,0.9806945539712246,0.8535654497415288,0.06536727072112765,0.0124,5000,163,0.8544660131112596,temperature,20,Injury accidents,Spring,5,3
3-6,132,188.02679415408346,4295432,163,0.5890017980298038,0.8273877799864883,0.7026312998697688,0.06073935818609334,0.0,5000,163,0.7020276051286028,temperature,20,Injury accidents,Spring,5,4
6-9,198,167.80877588560483,3365102,163,1.056258592307877,1.305010797035964,1.1795044000173713,0.06276994528471293,0.9974,5000,163,1.1799144529543348,temperature,20,Injury accidents,Spring,5,5
9-12,106,64.00272999100228,1278455,163,1.428200147068448,1.897620585440944,1.6557645844383808,0.12074531157224598,1.0,5000,163,1.6561793538322793,temperature,20,Injury accidents,Spring,5,6
12-15,27,15.100386794374122,318708,160,1.2057821149388281,2.4026451154519544,1.7736470622567648,0.3067850830442711,0.9966,5000,163,1.7880336687838525,temperature,20,Injury accidents,Spring,5,7
>=15,12,4.715297984882901,94737,151,1.3317071140652947,4.076583287350386,2.5214011046769746,0.694699267559932,0.9948,5000,163,2.5449080924411622,temperature,20,Injury accidents,Spring,5,8
<-6,0,0.7436049431418131,20901,67,0.0,0.0,0.0,0.0,0.0,5000,227,0.0,temperature,20,Injury accidents,Summer,5,0
-6--3,4,3.150410084581893,71438,143,0.2358509960023174,3.1523326433242937,1.2593974802756325,0.7562212826345831,0.6454,5000,227,1.2696759763359062,temperature,20,Injury accidents,Summer,5,1
-3-0,17,23.53767502739915,600184,209,0.4365876204910379,1.0577958890346206,0.7196755971295,0.15641621631893773,0.045,5000,227,0.7222463552670798,temperature,20,Injury accidents,Summer,5,2
0-3,66,95.2257111073585,2378122,227,0.5276236057570614,0.8426945154794943,0.6902401065218746,0.08007041452864777,0.0,5000,227,0.6930901248465436,temperature,20,Injury accidents,Summer,5,3
3-6,161,276.8277280622436,6828161,227,0.49379427950806565,0.6668899206622996,0.5815341968929436,0.04404283660153852,0.0,5000,227,0.5815891389456471,temperature,20,Injury accidents,Summer,5,4
6-9,483,572.6129096604398,12890440,227,0.7755298945016804,0.9093103881289059,0.8435495479448176,0.03427623000882241,0.0,5000,227,0.8435017650692151,temperature,20,Injury accidents,Summer,5,5
9-12,663,682.8677811924082,13117851,227,0.9050547243110667,1.0411009078656965,0.9701066309166431,0.03483619823925437,0.2042,5000,227,0.9709053762095562,temperature,20,Injury accidents,Summer,5,6
12-15,465,328.9379848870208,5848567,227,1.2863940459346064,1.5462732328573643,1.4148366645801085,0.06509214566462426,1.0,5000,227,1.4136403254239913,temperature,20,Injury accidents,Summer,5,7
>=15,227,102.09619503540631,1890348,227,1.9436978556819975,2.5117659883611334,2.2247157554135253,0.1449575111286078,1.0,5000,227,2.2233933392060092,temperature,20,Injury accidents,Summer,5,8
<-6,29,46.05636852265205,684975,163,0.3848418316921412,0.8481165697830272,0.6230698464472151,0.11880818432695163,0.0004,5000,165,0.6296631916547402,temperature,20,Injury accidents,Fall,5,0
-6--3,75,85.14021956334605,1333273,165,0.6887649990778553,1.0840965663688713,0.8794889539789301,0.10077783039374288,0.1186,5000,165,0.8808997719837741,temperature,20,Injury accidents,Fall,5,1
-3-0,215,169.5219802262125,2783408,165,1.1244383385290153,1.4105834573796958,1.269080407536253,0.0722984620161002,1.0,5000,165,1.268272112637553,temperature,20,Injury accidents,Fall,5,2
0-3,335,262.34359907312927,4275726,165,1.1456700874494057,1.4028826152298648,1.2748664260872369,0.06647763258818516,0.9998,5000,165,1.2769513004455562,temperature,20,Injury accidents,Fall,5,3
3-6,206,249.813271705027,4019588,165,0.7150718121362747,0.9392204065280249,0.8247624353661704,0.05742087609207484,0.0022,5000,165,0.8246159164963799,temperature,20,Injury accidents,Fall,5,4
6-9,112,148.32880698280968,2380663,165,0.6148358671743471,0.8994410243877307,0.7548636631936521,0.07198743110220986,0.001,5000,165,0.7550792208082686,temperature,20,Injury accidents,Fall,5,5
9-12,41,47.96664316149366,759280,165,0.5854070770637526,1.1325342720949463,0.8533240591250587,0.14142915078808618,0.155,5000,165,0.8547606690333025,temperature,20,Injury accidents,Fall,5,6
12-15,3,5.259179065758577,91182,145,0.0,1.2880936969611638,0.5547555687632441,0.321901692612185,0.0994,5000,165,0.5704312331809307,temperature,20,Injury accidents,Fall,5,7
>=15,0,1.5699316995712191,18808,83,0.0,0.0,0.0,0.0,0.0,5000,165,0.0,temperature,20,Injury accidents,Fall,5,8
0-5,2280,2362.764777573402,82810358,262,0.9390622963978966,0.9914654877350932,0.9644818670252284,0.013536099498839872,0.0034,5000,262,0.9649712157727343,f,20,1 vehicle,All seasons,5,0
5-10,1497,1466.7501179488995,50832278,262,0.9789042615599923,1.0664148810398508,1.0211520626712032,0.02244609789705437,0.8248,5000,262,1.0206237461179835,f,20,1 vehicle,All seasons,5,1
10-15,498,493.30253304539156,16851147,262,0.9165411521592295,1.1037953260038351,1.0080253923635434,0.04827376509866099,0.564,5000,262,1.0095224869931414,f,20,1 vehicle,All seasons,5,2
15-20,141,114.60023262950743,4117419,258,1.0257796058705524,1.4365238154366202,1.2324374465203576,0.10482557966063567,0.9856,5000,262,1.2303639945988654,f,20,1 vehicle,All seasons,5,3
20-25,35,21.616692972859045,841897,248,1.0825003763920715,2.2469846223716807,1.6109470735138518,0.2965279936305974,0.9916,5000,262,1.6191190782024076,f,20,1 vehicle,All seasons,5,4
>=25,13,4.965645829940287,205641,214,0.7378807701337482,6.223550278489168,2.599984755279336,1.419293714135605,0.9452,5000,262,2.617987759339721,f,20,1 vehicle,All seasons,5,5
0-5,1456,1583.115354683841,55787392,262,0.8834267050995442,0.9541401299798559,0.9197250960345649,0.01802183004363933,0.0,5000,262,0.9197055639011051,fg,20,1 vehicle,All seasons,5,0
5-10,1577,1499.735164798322,52102411,262,1.002177905718846,1.1006217226077166,1.052055834567161,0.025140402667630055,0.98,5000,262,1.0515189861618455,fg,20,1 vehicle,All seasons,5,1
10-15,847,849.6490253591971,29335478,262,0.9218704054011054,1.0778180193670852,0.9964811104395014,0.03941152365016238,0.4666,5000,262,0.9968822122074733,fg,20,1 vehicle,All seasons,5,2
15-20,361,356.8221084465982,12151757,262,0.9105295306493889,1.1163974599195627,1.010878117246608,0.05285891787621816,0.5766,5000,262,1.0117086118110505,fg,20,1 vehicle,All seasons,5,3
20-25,141,122.77845213449913,4330557,262,0.9464793230795918,1.357036000411622,1.1482078634902848,0.10530662196202811,0.9174,5000,262,1.148409981953021,fg,20,1 vehicle,All seasons,5,4
25-30,35,37.40062028017648,1380909,260,0.6262107321850148,1.2670181761292372,0.9275822137900473,0.16557262293957561,0.335,5000,262,0.9358133565113922,fg,20,1 vehicle,All seasons,5,5
30-35,27,10.377562899169135,401978,253,1.610002961156433,3.743557662410796,2.596738721702067,0.5478588587005466,0.9998,5000,262,2.601766933367536,fg,20,1 vehicle,All seasons,5,6
>=35,20,4.121711398196788,168258,241,2.3200293559539507,8.193382591730145,4.795933016199719,1.4954753626383048,0.9996,5000,262,4.852353323124424,fg,20,1 vehicle,All seasons,5,7
0-5,827,917.0456442759869,54930615,201,0.8592028936042602,0.9455692600405947,0.9021822551814745,0.021981478933420805,0.0,5000,201,0.9018089831863512,f,20,2 or more vehicles,All seasons,5,0
5-10,588,569.1807798340726,32705414,201,0.9627199287138817,1.1066312024874783,1.0323110333007266,0.03688176394701676,0.817,5000,201,1.0330636958110455,f,20,2 or more vehicles,All seasons,5,1
10-15,202,190.4638675861401,10522757,201,0.9449907136195543,1.19140413279917,1.0588654400251545,0.06218805974979621,0.8402,5000,201,1.06056861366969,f,20,2 or more vehicles,All seasons,5,2
15-20,82,42.52450779986246,2409554,198,1.5209797480083787,2.3151950329318023,1.9244491746524142,0.20356256249477317,1.0,5000,201,1.928299802690843,f,20,2 or more vehicles,All seasons,5,3
20-25,26,7.333329868929514,451527,189,2.094481596714462,4.893794998704375,3.5425630162167376,0.7188960203305272,0.9992,5000,201,3.545456220394373,f,20,2 or more vehicles,All seasons,5,4
>=25,3,1.4518706350084196,113387,168,0.0,4.268885578692932,2.012445341527602,1.0421130347402883,0.8332,5000,201,2.0662997981101827,f,20,2 or more vehicles,All seasons,5,5
0-5,509,612.0879311508513,37248525,201,0.7724250329496855,0.8901823627688689,0.8318687741660464,0.030206478846328884,0.0,5000,201,0.8315798663812489,fg,20,2 or more vehicles,All seasons,5,0
5-10,589,577.2588852967875,33586483,201,0.951886784632432,1.0900642813076398,1.0193471657320812,0.03510963886294289,0.7122,5000,201,1.0203394265593262,fg,20,2 or more vehicles,All seasons,5,1
10-15,337,331.58090253233064,18719339,201,0.9253226198625623,1.110473306465297,1.0167560283809696,0.04784245395055896,0.635,5000,201,1.0163432134549455,fg,20,2 or more vehicles,All seasons,5,2
15-20,164,140.3038184872885,7701966,201,0.9993770239333474,1.3604359486107733,1.1718390969368242,0.09091859909264927,0.9742,5000,201,1.1688919216041034,fg,20,2 or more vehicles,All seasons,5,3
20-25,68,47.56741403102031,2698663,201,1.0421011693566902,1.8480052395308695,1.420852272783501,0.20681278211125792,0.9872,5000,201,1.4295500687856377,fg,20,2 or more vehicles,All seasons,5,4
25-30,40,14.074454016985543,845307,200,1.998682392674631,3.6814697499986964,2.8176379901715993,0.4280066696782328,1.0,5000,201,2.84202853991541,fg,20,2 or more vehicles,All seasons,5,5
30-35,13,3.7131518054672847,236489,194,1.354111474577432,5.66801247499145,3.4338245113964017,1.116509371145248,0.9888,5000,201,3.501068817293885,fg,20,2 or more vehicles,All seasons,5,6
>=35,8,1.4134426792686972,96482,186,2.2457623442151506,9.157668235310233,5.562216672058177,1.7531440893721526,0.9972,5000,201,5.659939463649938,fg,20,2 or more vehicles,All seasons,5,7
0-5,2101,2201.4994549870903,82536323,261,0.9257098224686379,0.9830258468227753,0.95424515667628,0.014550591432936995,0.0004,5000,261,0.9543495435534052,f,20,Single-vehicle accident type,All seasons,5,0
5-10,1401,1364.3733962826238,50720557,261,0.9845704275426175,1.0721369196266803,1.026879107953709,0.022648051795361935,0.8828,5000,261,1.0268449999224327,f,20,Single-vehicle accident type,All seasons,5,1
10-15,464,457.1598718031863,16865243,261,0.9220793525445521,1.1124103567134287,1.0149180893274639,0.0491858290789053,0.6246,5000,261,1.0149622235430114,f,20,Single-vehicle accident type,All seasons,5,2
15-20,130,106.47115128447324,4139658,256,1.0113247195388286,1.4302750682925893,1.2144474131063272,0.10588057756268086,0.9794,5000,261,1.2209880181783852,f,20,Single-vehicle accident type,All seasons,5,3
20-25,45,20.063860602095694,850617,247,1.617749703984422,3.003737502394021,2.2474494866504022,0.35525400890334013,0.9998,5000,261,2.242838548992894,f,20,Single-vehicle accident type,All seasons,5,4
>=25,13,4.43226504053041,208063,216,0.8915592370669431,6.9109483487568175,2.911485719098328,1.5327070785144974,0.965,5000,261,2.9330375961551898,f,20,Single-vehicle accident type,All seasons,5,5
0-5,1006,1078.3109668622985,58197868,211,0.8912352833651332,0.9737497309473063,0.9322576454473122,0.020867500552022307,0.0008,5000,211,0.9329405254286608,f,20,Other accident types,All seasons,5,0
5-10,684,671.5575015003482,34773390,211,0.958027165867338,1.0796813162993946,1.0195465346231551,0.031232266272000882,0.7402,5000,211,1.0185278229665422,f,20,Other accident types,All seasons,5,1
10-15,236,226.60652882834538,11147473,211,0.9131447555247205,1.1699480946779834,1.0411545604767785,0.064690712076998,0.7356,5000,211,1.0414527825840807,f,20,Other accident types,All seasons,5,2
15-20,93,50.65358914489665,2565045,209,1.5022691958637484,2.162136893768989,1.8357466283194772,0.16831856714556345,1.0,5000,211,1.836000203933619,f,20,Other accident types,All seasons,5,3
20-25,16,8.886162239692863,486114,198,0.7352890342926357,2.9209657767466783,1.756004472229098,0.5533765904068644,0.9234,5000,211,1.800552315884007,f,20,Other accident types,All seasons,5,4
>=25,3,1.9852514244182948,121783,173,0.0,3.2896494488507737,1.4487442960164443,0.8070968934589765,0.724,5000,211,1.5111436078576497,f,20,Other accident types,All seasons,5,5
0-5,169,169.99769165714784,15744085,136,0.8940070364186455,1.0942566901887163,0.9919300639367441,0.051180655108718186,0.4406,5000,136,0.9941311458560274,f,20,Serious or fatal,Winter,5,0
5-10,128,127.50269309595005,11808528,136,0.873940000464633,1.1331498614031865,1.0058941669339514,0.06557857220811704,0.5384,5000,136,1.0039003639215347,f,20,Serious or fatal,Winter,5,1
10-15,51,55.77606410369711,5212252,136,0.6969103660037814,1.1609523721224704,0.9115751363649072,0.1187521047591644,0.2392,5000,136,0.9143707219136581,f,20,Serious or fatal,Winter,5,2
15-20,21,14.881543910699818,1496162,133,0.8481542035104613,2.048622895082802,1.4127651291084498,0.3091072436208062,0.9178,5000,136,1.411143905902197,f,20,Serious or fatal,Winter,5,3
20-25,3,3.110026813868167,338107,130,0.0,2.1561789026576257,0.9320511848166233,0.5424863967596777,0.443,5000,136,0.9646219082814534,f,20,Serious or fatal,Winter,5,4
>=25,0,0.7319804186369983,95807,122,0.0,0.0,0.0,0.0,0.0,5000,136,0.0,f,20,Serious or fatal,Winter,5,5
0-5,90,98.56947752782389,6825202,94,0.7837333801824085,1.0346092241594418,0.9130260485405031,0.06332854118111993,0.0884,5000,94,0.9130615506670924,f,20,Serious or fatal,Spring,5,0
5-10,73,70.76625255270685,4644317,94,0.8516702166343516,1.2191713006112115,1.028803169544851,0.09465041209245909,0.618,5000,94,1.0315651509966486,f,20,Serious or fatal,Spring,5,1
10-15,25,20.22700361501837,1328761,94,0.7553421031879503,1.7484074059034524,1.23202996360267,0.25146657444371145,0.827,5000,94,1.235971500071208,f,20,Serious or fatal,Spring,5,2
15-20,3,3.681647366872483,250363,94,0.0,1.983182360709458,0.7811814525825256,0.5021056954404154,0.3344,5000,94,0.8148526192361724,f,20,Serious or fatal,Spring,5,3
20-25,2,0.6070141183606247,39509,87,0.0,10.716713307386264,3.1339491610884216,2.9158483646284967,0.8588,5000,94,3.294816281047038,f,20,Serious or fatal,Spring,5,4
>=25,1,0.14860481921777235,7983,51,0.0,58.13744895142768,6.295027113024814,16.614817609352748,0.6418,5000,94,6.729256865718156,f,20,Serious or fatal,Spring,5,5
0-5,355,384.7725916477457,32013051,194,0.8581023823034609,0.9896805445534702,0.9224865587489269,0.03389726461148888,0.0118,5000,194,0.9226228887035641,f,20,Serious or fatal,Summer,5,0
5-10,208,190.68177737285657,16312655,194,0.9759024326674837,1.2077181741456808,1.0906588445674887,0.059480564032030614,0.9374,5000,194,1.0908226410816362,f,20,Serious or fatal,Summer,5,1
10-15,46,42.09940091143926,3605010,194,0.7830505420160506,1.4148585746399238,1.0901885506284632,0.16169922778969467,0.7212,5000,194,1.0926521281565522,f,20,Serious or fatal,Summer,5,2
15-20,15,7.057352070174276,604204,190,0.9938707809378813,3.609203773060778,2.108420435922815,0.6758530214221802,0.9742,5000,194,2.125443062900727,f,20,Serious or fatal,Summer,5,3
20-25,1,1.1403440475814963,92943,178,0.0,3.5730257500243017,0.8185432022963657,1.051215543982273,0.4052,5000,194,0.8769283288853521,f,20,Serious or fatal,Summer,5,4
>=25,1,0.2485339502027089,17612,113,0.0,23.007800522997012,3.509798473363597,6.609364483546328,0.6312,5000,194,4.023595163495295,f,20,Serious or fatal,Summer,5,5
0-5,120,109.19557515111084,8460379,119,0.9592113679933131,1.2408963254088698,1.0969952684415483,0.07132128694938027,0.9116,5000,119,1.098945628830998,f,20,Serious or fatal,Fall,5,0
5-10,57,68.95736780605485,5294136,119,0.6395014146198378,1.0258528363148276,0.82995779572549,0.09787443620696383,0.041,5000,119,0.8265976764123975,f,20,Serious or fatal,Fall,5,1
10-15,22,26.258488092608125,2013981,119,0.5140942967764293,1.2066991811206829,0.8359714342805236,0.17445449652064302,0.1748,5000,119,0.837824322649905,f,20,Serious or fatal,Fall,5,2
15-20,7,6.248344947951946,510056,119,0.3951150059927307,2.0140698500549585,1.103587235915855,0.42051362352105276,0.5958,5000,119,1.120296663886079,f,20,Serious or fatal,Fall,5,3
20-25,5,1.124987462208486,96176,113,1.1246714419088166,8.207911224070312,4.293170851941612,1.8110558385981181,0.9818,5000,119,4.4444939770123275,f,20,Serious or fatal,Fall,5,4
>=25,1,0.21523654006573356,17727,87,0.0,24.161205073429585,4.378589578019245,6.92315291228239,0.6392,5000,119,4.646051268500221,f,20,Serious or fatal,Fall,5,5
0-5,109,113.47798060326112,10593237,136,0.8037593204244021,1.1167287336360867,0.9596380906367068,0.08133173189892366,0.3112,5000,136,0.9605387707865818,fg,20,Serious or fatal,Winter,5,0
5-10,120,112.71718096557866,10303981,136,0.9117527024852881,1.2140312950955983,1.0625530164194719,0.07696120709749733,0.794,5000,136,1.0646114369791182,fg,20,Serious or fatal,Winter,5,1
10-15,73,80.82213088350785,7514035,136,0.7298696894889442,1.089501860219565,0.9035808661037186,0.09139912084582817,0.149,5000,136,0.9032179577796309,fg,20,Serious or fatal,Winter,5,2
15-20,42,41.38010750348812,3872063,136,0.7273359316810397,1.338167428735402,1.020153757327818,0.15496204245194625,0.5526,5000,136,1.014980446739043,fg,20,Serious or fatal,Winter,5,3
20-25,14,15.984223632663525,1581292,135,0.4570539133223886,1.363202347173764,0.8660989788879037,0.23090411071905712,0.2876,5000,136,0.8758636216394775,fg,20,Serious or fatal,Winter,5,4
25-30,12,5.328833279928194,563357,135,0.9295768923084872,3.6880530887865017,2.2329249720758115,0.7108673478516645,0.9652,5000,136,2.2519000632276676,fg,20,Serious or fatal,Winter,5,5
30-35,2,1.60876315162244,181896,133,0.0,3.319927472173205,1.202906043190909,0.9053130845879497,0.5966,5000,136,1.243191080043695,fg,20,Serious or fatal,Winter,5,6
>=35,0,0.6807799799500426,85080,131,0.0,0.0,0.0,0.0,0.0,5000,136,0.0,fg,20,Serious or fatal,Winter,5,7
0-5,53,62.01777162000826,4404054,94,0.6613209954557472,1.0336201920110841,0.8542792568703803,0.09508291714191348,0.0546,5000,94,0.8545937497519028,fg,20,Serious or fatal,Spring,5,0
5-10,74,72.28955613501789,4825547,94,0.8428699148932634,1.2293442387638618,1.021106378536773,0.09954976177117157,0.5804,5000,94,1.02366100936887,fg,20,Serious or fatal,Spring,5,1
10-15,40,40.46052338914383,2609833,94,0.734135191190908,1.2695585230444748,0.9853725914963736,0.13563178886035793,0.4596,5000,94,0.9886179576889162,fg,20,Serious or fatal,Spring,5,2
15-20,22,14.023342444091508,908840,94,0.9861382401561865,2.196200293273027,1.569358508201152,0.31546705475250214,0.9716,5000,94,1.5688128623906863,fg,20,Serious or fatal,Spring,5,3
20-25,1,3.92383224159974,261038,94,0.0,0.8960550980589326,0.24743657226461657,0.26676220226684655,0.015,5000,94,0.2548528934030833,fg,20,Serious or fatal,Spring,5,4
25-30,2,0.9605450808791328,64861,92,0.0,5.526421423891428,1.975211375951245,1.4882468150793833,0.7708,5000,94,2.082151103381335,fg,20,Serious or fatal,Spring,5,5
30-35,1,0.23545019364177638,15920,87,0.0,16.529047306835114,4.00296950529589,4.859833946162305,0.636,5000,94,4.247182746094663,fg,20,Serious or fatal,Spring,5,6
>=35,1,0.08897889561784775,6042,66,0.0,53.765112808657825,10.46878287312023,15.4697462287063,0.6466,5000,94,11.238620046430604,fg,20,Serious or fatal,Spring,5,7
0-5,219,260.28755879626294,21768494,194,0.7489384834742715,0.9345225404696432,0.8415988040482837,0.046652116414744184,0.0004,5000,194,0.841377133093863,fg,20,Serious or fatal,Summer,5,0
5-10,260,229.2100875346283,19296923,194,1.0205177848440985,1.2464674907947557,1.132828808375445,0.05730336589096241,0.9898,5000,194,1.134330529674965,fg,20,Serious or fatal,Summer,5,1
10-15,96,97.33364601859067,8284790,194,0.7976542446513073,1.190981308599421,0.9860076665338948,0.10021805745869491,0.4416,5000,194,0.9862982013605455,fg,20,Serious or fatal,Summer,5,2
15-20,27,28.975773308721045,2436228,194,0.5778193479343637,1.3207745707461176,0.9200056311660054,0.19093530062997988,0.3476,5000,194,0.9318129222067602,fg,20,Serious or fatal,Summer,5,3
20-25,16,7.650021998788798,642239,194,0.9845764811965755,3.4130792693242435,2.0497543508859297,0.6201081097758708,0.9736,5000,194,2.0914972535416534,fg,20,Serious or fatal,Summer,5,4
25-30,3,1.9126026141506611,161398,193,0.0,3.6404629425378134,1.4999111092672175,0.9213036342157359,0.729,5000,194,1.568543291640446,fg,20,Serious or fatal,Summer,5,5
30-35,1,0.4646243251969702,40486,178,0.0,8.17825828745353,2.0128446969497076,2.40476411425006,0.6308,5000,194,2.1522764645954893,fg,20,Serious or fatal,Summer,5,6
>=35,4,0.16568540366059464,14917,146,0.0,70.67410455940272,22.709769473512615,17.873955463485864,0.957,5000,194,24.142138725714013,fg,20,Serious or fatal,Summer,5,7
0-5,84,75.6489156677522,5872950,119,0.9312938053323611,1.2909615675140982,1.1065770606797583,0.09195136012297918,0.8828,5000,119,1.1103926508203437,fg,20,Serious or fatal,Fall,5,0
5-10,62,64.7019905323041,4951848,119,0.7732665893010686,1.1408047253170495,0.9576937089250097,0.09394560689281181,0.328,5000,119,0.9582394527575615,fg,20,Serious or fatal,Fall,5,1
10-15,33,42.05194377393536,3221317,119,0.5542138236969542,1.0328598873607688,0.7867709792943399,0.12287333014473725,0.0398,5000,119,0.7847437487646899,fg,20,Serious or fatal,Fall,5,2
15-20,16,19.719997631989052,1518703,119,0.45710481247357,1.2433113767903954,0.8105818535777765,0.2022060439891091,0.1814,5000,119,0.811359123798544,fg,20,Serious or fatal,Fall,5,3
20-25,6,6.966453686808008,571703,119,0.285968183203433,1.573308967015346,0.8388530128282343,0.33013371875386116,0.3134,5000,119,0.8612703492685053,fg,20,Serious or fatal,Fall,5,4
25-30,9,2.1373122937871667,183635,119,1.8091975001967158,7.20922108988732,4.140060352979932,1.3787598083274735,0.996,5000,119,4.21089609888157,fg,20,Serious or fatal,Fall,5,5
30-35,1,0.5563125391342508,51227,115,0.0,5.941513934926955,1.7209966172979216,1.7904374980333715,0.6298,5000,119,1.7975507105344561,fg,20,Serious or fatal,Fall,5,6
>=35,1,0.2170738742898274,21072,99,0.0,17.638922579780058,4.339815514404796,5.203441762578101,0.6288,5000,119,4.60672664212389,fg,20,Serious or fatal,Fall,5,7
<-6,37,37.175985530218185,2899580,111,0.7055955810784096,1.3276939514137827,0.9944575567324607,0.15798329770440894,0.4834,5000,111,0.9952661502389725,temperature,20,Serious or fatal,Winter,5,0
-6--3,46,49.38736310365483,3671703,111,0.738517758237631,1.1234502336892866,0.9311426674336671,0.0983467479149061,0.2314,5000,111,0.9314123514441258,temperature,20,Serious or fatal,Winter,5,1
-3-0,80,78.72948649282151,5591066,111,0.8501041353641536,1.175106235723596,1.0152847709782462,0.08215194449781356,0.5688,5000,111,1.0161377085483003,temperature,20,Serious or fatal,Winter,5,2
0-3,118,93.49614457352024,6271211,111,1.0927461037995088,1.4200127130077278,1.2623187646500895,0.083031081045977,0.9986,5000,111,1.2620841269792817,temperature,20,Serious or fatal,Winter,5,3
3-6,42,57.977153205163006,3712536,111,0.5406415316910957,0.9235123801781867,0.7213281835599963,0.09708989381557441,0.0038,5000,111,0.7244232887974879,temperature,20,Serious or fatal,Winter,5,4
6-9,17,22.663129480659368,1354063,111,0.4609161523161869,1.120908204341836,0.7489976679950975,0.16745769403082833,0.0802,5000,111,0.750117057509985,temperature,20,Serious or fatal,Winter,5,5
9-12,2,1.7978575771619685,141266,100,0.0,2.955508840667357,1.080108393888577,0.811645791298058,0.5464,5000,111,1.1124351702859168,temperature,20,Serious or fatal,Winter,5,6
12-15,0,0.2635120177191632,15628,56,0.0,0.0,0.0,0.0,0.0,5000,111,0.0,temperature,20,Serious or fatal,Winter,5,7
>=15,0,0.5093680190817063,10224,27,0.0,0.0,0.0,0.0,0.0,5000,111,0.0,temperature,20,Serious or fatal,Winter,5,8
<-6,1,5.010107078116996,230384,78,0.0,0.7417317646866105,0.18773697148432833,0.21745617220902447,0.0054,5000,80,0.1995965324509274,temperature,20,Serious or fatal,Spring,5,0
-6--3,5,8.838434823988464,448851,79,0.11344290106455436,1.064824790216615,0.5385462649359192,0.2539884728393055,0.0438,5000,80,0.5657110223214479,temperature,20,Serious or fatal,Spring,5,1
-3-0,15,20.115866490670548,1056153,80,0.4002321047054263,1.1899766803100476,0.7462298585455402,0.1999296355839581,0.1136,5000,80,0.7456800335673726,temperature,20,Serious or fatal,Spring,5,2
0-3,35,36.4354680224346,1942163,80,0.6799798735101682,1.2210310216455569,0.9585871677019928,0.1372857583460963,0.3794,5000,80,0.9606024541375253,temperature,20,Serious or fatal,Spring,5,3
3-6,33,45.74612727706699,2348164,80,0.5202880572554613,0.9325880076889198,0.7185037848575628,0.10643210286511913,0.0066,5000,80,0.7213725393656054,temperature,20,Serious or fatal,Spring,5,4
6-9,46,42.606202802561405,2045870,80,0.8378871558895414,1.341870004694993,1.0746664302919005,0.1288508107094736,0.7284,5000,80,1.0796550026569034,temperature,20,Serious or fatal,Spring,5,5
9-12,32,16.16774700112496,805246,80,1.4402377199399943,2.539638016348213,1.9715722879005049,0.27942454236607017,1.0,5000,80,1.9792491803448817,temperature,20,Serious or fatal,Spring,5,6
12-15,11,3.8124972940995363,203837,79,1.4424986342028385,4.392192162264947,2.856578687004637,0.7470361890461094,0.997,5000,80,2.8852479494278724,temperature,20,Serious or fatal,Spring,5,7
>=15,2,1.267549209936475,60995,76,0.0,3.925397130477636,1.5049671026313043,1.0658290505096264,0.6576,5000,80,1.5778480112028415,temperature,20,Serious or fatal,Spring,5,8
<-6,0,0.08168945165797976,4678,56,0.0,0.0,0.0,0.0,0.0,5000,167,0.0,temperature,20,Serious or fatal,Summer,5,0
-6--3,0,0.9566633193742996,65695,110,0.0,0.0,0.0,0.0,0.0,5000,167,0.0,temperature,20,Serious or fatal,Summer,5,1
-3-0,4,6.551662974985591,494828,154,0.14815341849551306,1.2253817188228817,0.5972697918226071,0.28307844984175945,0.0894,5000,167,0.6105320153481791,temperature,20,Serious or fatal,Summer,5,2
0-3,18,25.83914031791247,1914971,167,0.4084229632266581,1.001025590774616,0.690468042960245,0.1516731414382313,0.0258,5000,167,0.6966176033156125,temperature,20,Serious or fatal,Summer,5,3
3-6,39,75.36315315101245,5485906,167,0.3546239721696675,0.6867404272735366,0.5136926821269363,0.08408136100433625,0.0,5000,167,0.5174942709980821,temperature,20,Serious or fatal,Summer,5,4
6-9,130,158.73734753383746,10650488,167,0.6988603699704384,0.9394995084628169,0.8169647281163513,0.06110090895696574,0.0012,5000,167,0.8189629096094627,temperature,20,Serious or fatal,Summer,5,5
9-12,183,188.06659086686125,10901081,167,0.8616481974931958,1.093387494826612,0.9738034557833801,0.05822148883520087,0.328,5000,167,0.9730595910549149,temperature,20,Serious or fatal,Summer,5,6
12-15,135,89.3138724653782,4930849,167,1.2883954446773804,1.7496278234354734,1.5093433448641802,0.11702332852700525,1.0,5000,167,1.51152330845728,temperature,20,Serious or fatal,Summer,5,7
>=15,64,28.089879918980255,1622470,167,1.812170532512496,2.7733330162394294,2.270188136197717,0.24449921689602439,1.0,5000,167,2.278400626296568,temperature,20,Serious or fatal,Summer,5,8
<-6,4,8.634234066445496,468355,98,0.09807482270708913,0.9913640700331731,0.45114414086801724,0.23707516424560737,0.0238,5000,99,0.4632721292030832,temperature,20,Serious or fatal,Fall,5,0
-6--3,18,16.002272237152415,881520,99,0.6474616732940535,1.670571419398282,1.127814161418071,0.25959060132774897,0.6914,5000,99,1.124840256011235,temperature,20,Serious or fatal,Fall,5,1
-3-0,32,32.059102296664584,1814088,99,0.7144136474715196,1.27723286872947,0.9961915894938967,0.14471822336932577,0.4892,5000,99,0.998156458152893,temperature,20,Serious or fatal,Fall,5,2
0-3,60,50.720162348041804,2827629,99,0.9302179396801997,1.4466328491665186,1.1819632154469197,0.1304457592505612,0.9206,5000,99,1.182961513180497,temperature,20,Serious or fatal,Fall,5,3
3-6,40,48.18044850605774,2676552,99,0.59479398713533,1.0719875176549298,0.8244042892375112,0.12129396736314527,0.0764,5000,99,0.8302122798830066,temperature,20,Serious or fatal,Fall,5,4
6-9,28,28.976073816471818,1605058,99,0.6711902790293494,1.2666067297146093,0.960387218424237,0.15386117479207834,0.3994,5000,99,0.96631449027035,temperature,20,Serious or fatal,Fall,5,5
9-12,12,9.088344298766899,523664,99,0.5819799327771414,2.1558914477151387,1.3054802228621165,0.407018134072284,0.7806,5000,99,1.320372512915048,temperature,20,Serious or fatal,Fall,5,6
12-15,1,0.9833578693335819,57589,87,0.0,3.3628857783454973,0.9774210947353097,0.9934387729214623,0.4762,5000,99,1.0169237783978853,temperature,20,Serious or fatal,Fall,5,7
>=15,0,0.3560045610656302,15164,48,0.0,0.0,0.0,0.0,0.0,5000,99,0.0,temperature,20,Serious or fatal,Fall,5,8
