variable,period,outcome,coarse_bin,bin_order,observed_accidents,expected_accidents,relative_accident_frequency,bootstrap_ci_95_low,bootstrap_ci_95_high,analysed_accidents,sparse_bin,bootstrap_stations,bootstrap_reps
f,All year,All injury accidents (meiðsli ≤ 3),0-5,0,3107,3279.810421849389,0.947310850438744,0.9247126987378168,0.9703141519918072,6192,False,270,5000
f,All year,All injury accidents (meiðsli ≤ 3),5-10,1,2085,2035.930897782972,1.0241015558388853,0.9865484744475737,1.0657105822262478,6192,False,270,5000
f,All year,All injury accidents (meiðsli ≤ 3),10-15,2,700,683.7664006315317,1.0237414405760137,0.94109858570051,1.1069281073781403,6192,False,270,5000
f,All year,All injury accidents (meiðsli ≤ 3),15-20,3,223,157.1247404293699,1.4192545323582704,1.2251162371708109,1.604265915717097,6192,False,270,5000
f,All year,All injury accidents (meiðsli ≤ 3),20-25,4,61,28.95002284178858,2.107079511935588,1.541599670084574,2.7309932670790555,6192,False,270,5000
f,All year,All injury accidents (meiðsli ≤ 3),>=25,5,16,6.417516464948717,2.4931763069699984,0.856546213735771,5.36934419521696,6192,True,270,5000
f,All year,Serious/fatal subset (meiðsli ≤ 2),0-5,0,734,762.5353359838282,0.962578342750488,0.9116768203416136,1.0133774107285407,1404,False,229,5000
f,All year,Serious/fatal subset (meiðsli ≤ 2),5-10,1,466,457.9080908275683,1.0176714701804184,0.9446680856280952,1.092176713055772,1404,False,229,5000
f,All year,Serious/fatal subset (meiðsli ≤ 2),10-15,2,144,144.36095672276286,0.9974996236450824,0.8384846064031328,1.1717180519513573,1404,False,229,5000
f,All year,Serious/fatal subset (meiðsli ≤ 2),15-20,3,46,31.868888295698525,1.4434140147338874,1.0291984450891236,1.9036870719866057,1404,False,229,5000
f,All year,Serious/fatal subset (meiðsli ≤ 2),20-25,4,11,5.982372442018774,1.8387354024865776,0.6799115282980582,3.3510949463634763,1404,True,229,5000
f,All year,Serious/fatal subset (meiðsli ≤ 2),>=25,5,3,1.344355728123213,2.2315522128865015,0.0,6.685932747762604,1404,True,229,5000
f,Autumn,All injury accidents (meiðsli ≤ 3),0-5,0,587,568.1675513559154,1.033145941895382,0.9801150547310729,1.085794117614143,1096,False,184,5000
f,Autumn,All injury accidents (meiðsli ≤ 3),5-10,1,327,352.0345052142928,0.9288862175625268,0.8533054872035004,1.0033301678642546,1096,False,184,5000
f,Autumn,All injury accidents (meiðsli ≤ 3),10-15,2,126,134.79344067715837,0.9347635861731624,0.7862509629753351,1.089874967141709,1096,False,184,5000
f,Autumn,All injury accidents (meiðsli ≤ 3),15-20,3,37,33.21129587508492,1.1140787802790122,0.7884579250854112,1.441238848070688,1096,False,184,5000
f,Autumn,All injury accidents (meiðsli ≤ 3),20-25,4,15,6.132042373557863,2.4461670494453664,1.270504488307885,3.8996551287531216,1096,True,184,5000
f,Autumn,All injury accidents (meiðsli ≤ 3),>=25,5,4,1.661164503990599,2.407949357448248,0.0,6.383061337384159,1096,True,184,5000
f,Autumn,Serious/fatal subset (meiðsli ≤ 2),0-5,0,120,109.19557515111084,1.098945628830998,0.9592113679933132,1.2408963254088698,212,False,119,5000
f,Autumn,Serious/fatal subset (meiðsli ≤ 2),5-10,1,57,68.95736780605485,0.8265976764123975,0.6395014146198378,1.0258528363148276,212,False,119,5000
f,Autumn,Serious/fatal subset (meiðsli ≤ 2),10-15,2,22,26.258488092608125,0.837824322649905,0.5140942967764293,1.2066991811206829,212,False,119,5000
f,Autumn,Serious/fatal subset (meiðsli ≤ 2),15-20,3,7,6.248344947951946,1.120296663886079,0.3951150059927307,2.0140698500549585,212,True,119,5000
f,Autumn,Serious/fatal subset (meiðsli ≤ 2),20-25,4,5,1.124987462208486,4.4444939770123275,1.1246714419088166,8.207911224070312,212,True,119,5000
f,Autumn,Serious/fatal subset (meiðsli ≤ 2),>=25,5,1,0.2152365400657335,4.646051268500221,0.0,24.161205073429585,212,True,119,5000
f,Spring,All injury accidents (meiðsli ≤ 3),0-5,0,370,413.3264668244206,0.8951761614558655,0.8397660038663296,0.9533432457657832,790,False,185,5000
f,Spring,All injury accidents (meiðsli ≤ 3),5-10,1,302,280.3625501744718,1.077176676457191,0.9771270086102992,1.1795624691449602,790,False,185,5000
f,Spring,All injury accidents (meiðsli ≤ 3),10-15,2,79,79.60315393577078,0.992422989467761,0.7684615564396516,1.2116899890415411,790,False,185,5000
f,Spring,All injury accidents (meiðsli ≤ 3),15-20,3,24,14.24585690106276,1.684700342470067,1.0561837828323335,2.330876052878454,790,False,185,5000
f,Spring,All injury accidents (meiðsli ≤ 3),20-25,4,10,2.0993232173175893,4.763439911257449,1.8945705852707877,8.63741640851792,790,True,185,5000
f,Spring,All injury accidents (meiðsli ≤ 3),>=25,5,5,0.3626489469564662,13.787438353158151,2.043445334179258,41.81109000794237,790,True,185,5000
f,Spring,Serious/fatal subset (meiðsli ≤ 2),0-5,0,90,98.56947752782388,0.9130615506670924,0.7837333801824085,1.0346092241594418,194,False,94,5000
f,Spring,Serious/fatal subset (meiðsli ≤ 2),5-10,1,73,70.76625255270685,1.0315651509966486,0.8516702166343516,1.2191713006112117,194,False,94,5000
f,Spring,Serious/fatal subset (meiðsli ≤ 2),10-15,2,25,20.22700361501837,1.235971500071208,0.7553421031879503,1.7484074059034524,194,False,94,5000
f,Spring,Serious/fatal subset (meiðsli ≤ 2),15-20,3,3,3.681647366872483,0.8148526192361724,0.0,1.983182360709458,194,True,94,5000
f,Spring,Serious/fatal subset (meiðsli ≤ 2),20-25,4,2,0.6070141183606247,3.294816281047038,0.0,10.716713307386264,194,True,94,5000
f,Spring,Serious/fatal subset (meiðsli ≤ 2),>=25,5,1,0.1486048192177723,6.729256865718156,0.0,58.13744895142768,194,True,94,5000
f,Summer,All injury accidents (meiðsli ≤ 3),0-5,0,1285,1400.277276039291,0.9176753932868532,0.8859627361908302,0.9509259936088424,2273,False,250,5000
f,Summer,All injury accidents (meiðsli ≤ 3),5-10,1,784,696.649163628959,1.12538712587555,1.0576506865235538,1.1921962965424495,2273,False,250,5000
f,Summer,All injury accidents (meiðsli ≤ 3),10-15,2,154,148.8958753248135,1.0342798258450878,0.8861800545159478,1.182649216907634,2273,False,250,5000
f,Summer,All injury accidents (meiðsli ≤ 3),15-20,3,43,23.21832073099838,1.851985787352461,1.3341707912810634,2.4837353630540355,2273,False,250,5000
f,Summer,All injury accidents (meiðsli ≤ 3),20-25,4,4,3.3277189546364014,1.20202458636927,0.2271645196039226,2.921023720786282,2273,True,250,5000
f,Summer,All injury accidents (meiðsli ≤ 3),>=25,5,3,0.6316453213016415,4.74950086516568,0.0,19.954905272228,2273,True,250,5000
f,Summer,Serious/fatal subset (meiðsli ≤ 2),0-5,0,355,384.7725916477457,0.922622888703564,0.8581023823034609,0.9896805445534702,626,False,194,5000
f,Summer,Serious/fatal subset (meiðsli ≤ 2),5-10,1,208,190.68177737285657,1.0908226410816362,0.9759024326674836,1.2077181741456808,626,False,194,5000
f,Summer,Serious/fatal subset (meiðsli ≤ 2),10-15,2,46,42.09940091143926,1.0926521281565522,0.7830505420160506,1.4148585746399238,626,False,194,5000
f,Summer,Serious/fatal subset (meiðsli ≤ 2),15-20,3,15,7.057352070174276,2.125443062900727,0.9938707809378812,3.609203773060778,626,True,194,5000
f,Summer,Serious/fatal subset (meiðsli ≤ 2),20-25,4,1,1.1403440475814963,0.8769283288853521,0.0,3.5730257500243017,626,True,194,5000
f,Summer,Serious/fatal subset (meiðsli ≤ 2),>=25,5,1,0.2485339502027089,4.023595163495295,0.0,23.007800522997012,626,True,194,5000
f,Winter,All injury accidents (meiðsli ≤ 3),0-5,0,865,898.0391276297618,0.9632097014336518,0.9105999616288938,1.0145802682019551,2033,False,209,5000
f,Winter,All injury accidents (meiðsli ≤ 3),5-10,1,672,706.8846787652485,0.9506501133591078,0.8906536257620493,1.0173330689160716,2033,False,209,5000
f,Winter,All injury accidents (meiðsli ≤ 3),10-15,2,341,320.4739306937891,1.0640491077129872,0.9565765177946598,1.17669818841634,2033,False,209,5000
f,Winter,All injury accidents (meiðsli ≤ 3),15-20,3,119,86.44926692222384,1.3765298913067847,1.0947469298287245,1.6285243039189343,2033,False,209,5000
f,Winter,All injury accidents (meiðsli ≤ 3),20-25,4,32,17.390938296276726,1.8400387290690905,1.256625109327606,2.4837275442969453,2033,False,209,5000
f,Winter,All injury accidents (meiðsli ≤ 3),>=25,5,4,3.7620576927000102,1.063247915565383,0.2130104663658153,2.539876023006229,2033,True,209,5000
f,Winter,Serious/fatal subset (meiðsli ≤ 2),0-5,0,169,169.99769165714784,0.9941311458560274,0.8940070364186455,1.0942566901887163,372,False,136,5000
f,Winter,Serious/fatal subset (meiðsli ≤ 2),5-10,1,128,127.50269309595004,1.0039003639215347,0.873940000464633,1.1331498614031863,372,False,136,5000
f,Winter,Serious/fatal subset (meiðsli ≤ 2),10-15,2,51,55.77606410369711,0.914370721913658,0.6969103660037814,1.1609523721224704,372,False,136,5000
f,Winter,Serious/fatal subset (meiðsli ≤ 2),15-20,3,21,14.881543910699818,1.411143905902197,0.8481542035104613,2.048622895082802,372,False,136,5000
f,Winter,Serious/fatal subset (meiðsli ≤ 2),20-25,4,3,3.110026813868167,0.9646219082814534,0.0,2.1561789026576257,372,True,136,5000
f,Winter,Serious/fatal subset (meiðsli ≤ 2),>=25,5,0,0.7319804186369983,0.0,0.0,0.0,372,True,136,5000
fg,All year,All injury accidents (meiðsli ≤ 3),0-5,0,1965,2195.203285834692,0.8951334997901296,0.8639195612132942,0.926415284302722,6192,False,270,5000
fg,All year,All injury accidents (meiðsli ≤ 3),5-10,1,2166,2076.9940500951097,1.0428532522280527,1.00041029119475,1.0852044169470447,6192,False,270,5000
fg,All year,All injury accidents (meiðsli ≤ 3),10-15,2,1184,1181.229927891528,1.0023450744373,0.9438299155016896,1.0642599414301224,6192,False,270,5000
fg,All year,All injury accidents (meiðsli ≤ 3),15-20,3,525,497.1259269338867,1.0560704472567577,0.9530268112553174,1.1628025302888103,6192,False,270,5000
fg,All year,All injury accidents (meiðsli ≤ 3),20-25,4,209,170.34586616551948,1.226915596513047,1.046060997025972,1.4233996543672784,6192,False,270,5000
fg,All year,All injury accidents (meiðsli ≤ 3),25-30,5,75,51.475074297162045,1.4570158668840414,1.104400831881977,1.8220461430671544,6192,False,270,5000
fg,All year,All injury accidents (meiðsli ≤ 3),30-35,6,40,14.090714704636438,2.8387488383991135,1.8958834535203313,3.832052938150393,6192,False,270,5000
fg,All year,All injury accidents (meiðsli ≤ 3),>=35,7,28,5.5351540774655,5.058576438548023,2.9395968883762795,7.568267535343308,6192,False,270,5000
fg,All year,Serious/fatal subset (meiðsli ≤ 2),0-5,0,465,511.4322266872845,0.9092113788213124,0.8418234093158365,0.9773651144510764,1404,False,229,5000
fg,All year,Serious/fatal subset (meiðsli ≤ 2),5-10,1,516,478.9188151675289,1.077426869978996,1.0005226136299217,1.1528802152119382,1404,False,229,5000
fg,All year,Serious/fatal subset (meiðsli ≤ 2),10-15,2,242,260.6682440651777,0.9283831287845332,0.834000832614057,1.0311338724860957,1404,False,229,5000
fg,All year,Serious/fatal subset (meiðsli ≤ 2),15-20,3,107,104.09922088828972,1.027865521825789,0.837589500520807,1.2380839174936769,1404,False,229,5000
fg,All year,Serious/fatal subset (meiðsli ≤ 2),20-25,4,37,34.52453155986007,1.0717017242029152,0.6769932064288334,1.4964103289505897,1404,False,229,5000
fg,All year,Serious/fatal subset (meiðsli ≤ 2),25-30,5,26,10.339293268745154,2.514678646227774,1.42639741581679,3.730884628074391,1404,False,229,5000
fg,All year,Serious/fatal subset (meiðsli ≤ 2),30-35,6,5,2.8651502095954378,1.7451092034389375,0.3829078218605588,3.515799684126904,1404,True,229,5000
fg,All year,Serious/fatal subset (meiðsli ≤ 2),>=35,7,6,1.1525181535183124,5.205991750918365,1.1598717656688728,10.781742467046596,1404,True,229,5000
fg,Autumn,All injury accidents (meiðsli ≤ 3),0-5,0,404,392.2262485248175,1.0300177551080891,0.9519800485337676,1.1120081559097763,1096,False,184,5000
fg,Autumn,All injury accidents (meiðsli ≤ 3),5-10,1,336,334.99228063736626,1.0030081868176677,0.919529475912697,1.087227674450414,1096,False,184,5000
fg,Autumn,All injury accidents (meiðsli ≤ 3),10-15,2,185,215.60626697152227,0.8580455596146247,0.749201472873534,0.959987487750692,1096,False,184,5000
fg,Autumn,All injury accidents (meiðsli ≤ 3),15-20,3,95,101.36166124977542,0.9372379934253542,0.7556700954319053,1.1365165924650291,1096,False,184,5000
fg,Autumn,All injury accidents (meiðsli ≤ 3),20-25,4,44,36.414890889771286,1.208296906152733,0.8543344875956468,1.585826780089817,1096,False,184,5000
fg,Autumn,All injury accidents (meiðsli ≤ 3),25-30,5,14,11.257566701141794,1.2436079991051756,0.6142287314397673,1.9835513199572017,1096,True,184,5000
fg,Autumn,All injury accidents (meiðsli ≤ 3),30-35,6,11,2.9391646332500265,3.742560003464856,1.9317799341019748,5.752074263705834,1096,True,184,5000
fg,Autumn,All injury accidents (meiðsli ≤ 3),>=35,7,7,1.2019203923554074,5.824013008284248,1.7031692866056518,11.272685777520982,1096,True,184,5000
fg,Autumn,Serious/fatal subset (meiðsli ≤ 2),0-5,0,84,75.6489156677522,1.1103926508203437,0.9312938053323612,1.2909615675140982,212,False,119,5000
fg,Autumn,Serious/fatal subset (meiðsli ≤ 2),5-10,1,62,64.7019905323041,0.9582394527575616,0.7732665893010686,1.1408047253170497,212,False,119,5000
fg,Autumn,Serious/fatal subset (meiðsli ≤ 2),10-15,2,33,42.05194377393536,0.7847437487646899,0.5542138236969542,1.0328598873607688,212,False,119,5000
fg,Autumn,Serious/fatal subset (meiðsli ≤ 2),15-20,3,16,19.719997631989052,0.811359123798544,0.45710481247357,1.2433113767903954,212,True,119,5000
fg,Autumn,Serious/fatal subset (meiðsli ≤ 2),20-25,4,6,6.966453686808008,0.8612703492685053,0.285968183203433,1.573308967015346,212,True,119,5000
fg,Autumn,Serious/fatal subset (meiðsli ≤ 2),25-30,5,9,2.1373122937871667,4.21089609888157,1.809197500196716,7.20922108988732,212,True,119,5000
fg,Autumn,Serious/fatal subset (meiðsli ≤ 2),30-35,6,1,0.5563125391342508,1.797550710534456,0.0,5.941513934926955,212,True,119,5000
fg,Autumn,Serious/fatal subset (meiðsli ≤ 2),>=35,7,1,0.2170738742898274,4.60672664212389,0.0,17.638922579780058,212,True,119,5000
fg,Spring,All injury accidents (meiðsli ≤ 3),0-5,0,212,264.5452024450936,0.801375334122722,0.71811034307164,0.8863025955478333,790,False,185,5000
fg,Spring,All injury accidents (meiðsli ≤ 3),5-10,1,305,289.29016161793686,1.054304779306014,0.948677701832286,1.1602395672042802,790,False,185,5000
fg,Spring,All injury accidents (meiðsli ≤ 3),10-15,2,172,159.49770271991304,1.0783854379523052,0.9274821626053272,1.2385198544191438,790,False,185,5000
fg,Spring,All injury accidents (meiðsli ≤ 3),15-20,3,62,55.814649596365456,1.1108194792651234,0.8441222609148437,1.3819426165337183,790,False,185,5000
fg,Spring,All injury accidents (meiðsli ≤ 3),20-25,4,15,15.800538143376368,0.9493347545436636,0.4942929715396285,1.4354024297598251,790,True,185,5000
fg,Spring,All injury accidents (meiðsli ≤ 3),25-30,5,11,3.8326980283395184,2.8700408742521386,1.4866920035127362,4.320675161907515,790,True,185,5000
fg,Spring,All injury accidents (meiðsli ≤ 3),30-35,6,7,0.8945177406017178,7.825445692436787,2.379017072680931,14.455332568043008,790,True,185,5000
fg,Spring,All injury accidents (meiðsli ≤ 3),>=35,7,6,0.3245297083734479,18.488291965848585,4.1308924695753415,38.01132165344009,790,True,185,5000
fg,Spring,Serious/fatal subset (meiðsli ≤ 2),0-5,0,53,62.01777162000826,0.8545937497519028,0.6613209954557472,1.033620192011084,194,False,94,5000
fg,Spring,Serious/fatal subset (meiðsli ≤ 2),5-10,1,74,72.28955613501789,1.02366100936887,0.8428699148932634,1.2293442387638618,194,False,94,5000
fg,Spring,Serious/fatal subset (meiðsli ≤ 2),10-15,2,40,40.46052338914383,0.9886179576889162,0.734135191190908,1.2695585230444748,194,False,94,5000
fg,Spring,Serious/fatal subset (meiðsli ≤ 2),15-20,3,22,14.023342444091508,1.5688128623906863,0.9861382401561865,2.196200293273027,194,False,94,5000
fg,Spring,Serious/fatal subset (meiðsli ≤ 2),20-25,4,1,3.92383224159974,0.2548528934030833,0.0,0.8960550980589326,194,True,94,5000
fg,Spring,Serious/fatal subset (meiðsli ≤ 2),25-30,5,2,0.9605450808791328,2.082151103381335,0.0,5.526421423891428,194,True,94,5000
fg,Spring,Serious/fatal subset (meiðsli ≤ 2),30-35,6,1,0.2354501936417763,4.247182746094663,0.0,16.529047306835114,194,True,94,5000
fg,Spring,Serious/fatal subset (meiðsli ≤ 2),>=35,7,1,0.0889788956178477,11.238620046430604,0.0,53.765112808657825,194,True,94,5000
fg,Summer,All injury accidents (meiðsli ≤ 3),0-5,0,756,939.2290690061548,0.8049154619968921,0.7590027358496252,0.8503838754971624,2273,False,250,5000
fg,Summer,All injury accidents (meiðsli ≤ 3),5-10,1,966,843.783810055937,1.1448430136813847,1.0867208486546291,1.203681378711146,2273,False,250,5000
fg,Summer,All injury accidents (meiðsli ≤ 3),10-15,2,390,352.59405277491385,1.106087856362583,0.985099153075076,1.2272605556866074,2273,False,250,5000
fg,Summer,All injury accidents (meiðsli ≤ 3),15-20,3,96,102.87041004615487,0.9332129614038444,0.7617500366444911,1.10763915372593,2273,False,250,5000
fg,Summer,All injury accidents (meiðsli ≤ 3),20-25,4,42,26.325926191648144,1.595385465044889,1.152136847385183,2.0526504604278277,2273,False,250,5000
fg,Summer,All injury accidents (meiðsli ≤ 3),25-30,5,9,6.287225897841986,1.4314739356015729,0.5679746539710147,2.4131427549270783,2273,True,250,5000
fg,Summer,All injury accidents (meiðsli ≤ 3),30-35,6,7,1.4165172446924434,4.9416976928649055,1.4841255969736316,9.47223465644795,2273,True,250,5000
fg,Summer,All injury accidents (meiðsli ≤ 3),>=35,7,7,0.4929887826567609,14.199106037010356,3.7162979663230655,31.05473028663911,2273,True,250,5000
fg,Summer,Serious/fatal subset (meiðsli ≤ 2),0-5,0,219,260.28755879626294,0.841377133093863,0.7489384834742715,0.9345225404696432,626,False,194,5000
fg,Summer,Serious/fatal subset (meiðsli ≤ 2),5-10,1,260,229.2100875346283,1.134330529674965,1.0205177848440985,1.2464674907947555,626,False,194,5000
fg,Summer,Serious/fatal subset (meiðsli ≤ 2),10-15,2,96,97.33364601859068,0.9862982013605456,0.7976542446513073,1.190981308599421,626,False,194,5000
fg,Summer,Serious/fatal subset (meiðsli ≤ 2),15-20,3,27,28.975773308721045,0.9318129222067602,0.5778193479343637,1.3207745707461176,626,False,194,5000
fg,Summer,Serious/fatal subset (meiðsli ≤ 2),20-25,4,16,7.650021998788798,2.0914972535416534,0.9845764811965756,3.4130792693242435,626,True,194,5000
fg,Summer,Serious/fatal subset (meiðsli ≤ 2),25-30,5,3,1.9126026141506611,1.568543291640446,0.0,3.6404629425378134,626,True,194,5000
fg,Summer,Serious/fatal subset (meiðsli ≤ 2),30-35,6,1,0.4646243251969702,2.1522764645954893,0.0,8.17825828745353,626,True,194,5000
fg,Summer,Serious/fatal subset (meiðsli ≤ 2),>=35,7,4,0.1656854036605946,24.142138725714013,0.0,70.67410455940272,626,True,194,5000
fg,Winter,All injury accidents (meiðsli ≤ 3),0-5,0,593,599.2027658586263,0.9896483023576532,0.9182389398437224,1.060528695936276,2033,False,209,5000
fg,Winter,All injury accidents (meiðsli ≤ 3),5-10,1,559,608.9277977838696,0.9180070314320078,0.8477637101468387,0.9950904200947122,2033,False,209,5000
fg,Winter,All injury accidents (meiðsli ≤ 3),10-15,2,437,453.5319054251787,0.9635485282789966,0.8766284898982082,1.0602023139778582,2033,False,209,5000
fg,Winter,All injury accidents (meiðsli ≤ 3),15-20,3,272,237.0792060415909,1.147295895500354,1.0076383932365187,1.2822193824203252,2033,False,209,5000
fg,Winter,All injury accidents (meiðsli ≤ 3),20-25,4,108,91.80451094072367,1.1764127807372498,0.9520612671196528,1.4075376776569424,2033,False,209,5000
fg,Winter,All injury accidents (meiðsli ≤ 3),25-30,5,41,30.09758366983875,1.362235601693392,0.8985666973474499,1.8192839374010856,2033,False,209,5000
fg,Winter,All injury accidents (meiðsli ≤ 3),30-35,6,15,8.840515086092251,1.6967337144865853,0.9522103653500952,2.569373913645568,2033,True,209,5000
fg,Winter,All injury accidents (meiðsli ≤ 3),>=35,7,8,3.515715194079884,2.275497177209123,0.8264062631013686,4.0283237785285015,2033,True,209,5000
fg,Winter,Serious/fatal subset (meiðsli ≤ 2),0-5,0,109,113.47798060326112,0.9605387707865818,0.8037593204244021,1.1167287336360867,372,False,136,5000
fg,Winter,Serious/fatal subset (meiðsli ≤ 2),5-10,1,120,112.71718096557866,1.0646114369791182,0.911752702485288,1.2140312950955985,372,False,136,5000
fg,Winter,Serious/fatal subset (meiðsli ≤ 2),10-15,2,73,80.82213088350785,0.9032179577796308,0.7298696894889442,1.089501860219565,372,False,136,5000
fg,Winter,Serious/fatal subset (meiðsli ≤ 2),15-20,3,42,41.38010750348812,1.014980446739043,0.7273359316810397,1.338167428735402,372,False,136,5000
fg,Winter,Serious/fatal subset (meiðsli ≤ 2),20-25,4,14,15.984223632663523,0.8758636216394775,0.4570539133223886,1.363202347173764,372,True,136,5000
fg,Winter,Serious/fatal subset (meiðsli ≤ 2),25-30,5,12,5.328833279928194,2.2519000632276676,0.9295768923084872,3.6880530887865017,372,True,136,5000
fg,Winter,Serious/fatal subset (meiðsli ≤ 2),30-35,6,2,1.60876315162244,1.243191080043695,0.0,3.319927472173205,372,True,136,5000
fg,Winter,Serious/fatal subset (meiðsli ≤ 2),>=35,7,0,0.6807799799500426,0.0,0.0,0.0,372,True,136,5000
temperature,All year,All injury accidents (meiðsli ≤ 3),<-6,0,205,255.9992544061268,0.8007835822630183,0.6901415859237124,0.9174381072698404,5707,False,252,5000
temperature,All year,All injury accidents (meiðsli ≤ 3),-6--3,1,412,391.89813933064966,1.0512935853782917,0.9569957362317092,1.1450940521258293,5707,False,252,5000
temperature,All year,All injury accidents (meiðsli ≤ 3),-3-0,2,839,715.2689802141695,1.1729853009266282,1.089181989698643,1.2509025026749123,5707,False,252,5000
temperature,All year,All injury accidents (meiðsli ≤ 3),0-3,3,1131,1028.9728652030826,1.099154349203155,1.0230051935632811,1.175670839597652,5707,False,252,5000
temperature,All year,All injury accidents (meiðsli ≤ 3),3-6,4,710,1034.6424071185384,0.6862274299942316,0.6414294892934045,0.7335781485717547,5707,False,252,5000
temperature,All year,All injury accidents (meiðsli ≤ 3),6-9,5,858,1012.7194324883192,0.847223794147839,0.7984605387796846,0.8985409139881253,5707,False,252,5000
temperature,All year,All injury accidents (meiðsli ≤ 3),9-12,6,814,804.8941363229026,1.0113131196590608,0.9487596123412406,1.0792137094476073,5707,False,252,5000
temperature,All year,All injury accidents (meiðsli ≤ 3),12-15,7,495,350.8219941483373,1.4109719694219065,1.2881340448656942,1.5415905210403595,5707,False,252,5000
temperature,All year,All injury accidents (meiðsli ≤ 3),>=15,8,243,111.78279076787396,2.173858769590117,1.905613625500851,2.464996606411988,5707,False,252,5000
temperature,All year,Serious/fatal subset (meiðsli ≤ 2),<-6,0,42,50.90201612643866,0.8251146653145056,0.6132603528389738,1.054326997507096,1290,False,211,5000
temperature,All year,Serious/fatal subset (meiðsli ≤ 2),-6--3,1,69,75.18473348417001,0.9177395037854036,0.7430753360106258,1.0954065026309678,1290,False,211,5000
temperature,All year,Serious/fatal subset (meiðsli ≤ 2),-3-0,2,131,137.45611825514223,0.953031423140012,0.8232059522764791,1.07845751658805,1290,False,211,5000
temperature,All year,Serious/fatal subset (meiðsli ≤ 2),0-3,3,231,206.49091526190912,1.1186932834648151,1.00238572624206,1.2309061775854568,1290,False,211,5000
temperature,All year,Serious/fatal subset (meiðsli ≤ 2),3-6,4,154,227.26688213930015,0.677617427362812,0.5930822650143939,0.7734914749307008,1290,False,211,5000
temperature,All year,Serious/fatal subset (meiðsli ≤ 2),6-9,5,221,252.98275363353005,0.8735773361062384,0.764878359612074,0.9847370963493844,1290,False,211,5000
temperature,All year,Serious/fatal subset (meiðsli ≤ 2),9-12,6,229,215.12053974391503,1.0645194562667395,0.9511103182697722,1.183673811198814,1290,False,211,5000
temperature,All year,Serious/fatal subset (meiðsli ≤ 2),12-15,7,147,94.37323964653048,1.557644948404654,1.3430203972335628,1.7843476079092842,1290,False,211,5000
temperature,All year,Serious/fatal subset (meiðsli ≤ 2),>=15,8,66,30.22280170906407,2.183781657152125,1.737882121687908,2.6465354486726804,1290,False,211,5000
temperature,Autumn,All injury accidents (meiðsli ≤ 3),<-6,0,29,46.05636852265205,0.6296631916547402,0.3848418316921412,0.8481165697830272,1016,False,165,5000
temperature,Autumn,All injury accidents (meiðsli ≤ 3),-6--3,1,75,85.14021956334605,0.8808997719837741,0.6887649990778553,1.0840965663688713,1016,False,165,5000
temperature,Autumn,All injury accidents (meiðsli ≤ 3),-3-0,2,215,169.5219802262125,1.268272112637553,1.124438338529015,1.4105834573796958,1016,False,165,5000
temperature,Autumn,All injury accidents (meiðsli ≤ 3),0-3,3,335,262.34359907312927,1.2769513004455562,1.1456700874494057,1.4028826152298648,1016,False,165,5000
temperature,Autumn,All injury accidents (meiðsli ≤ 3),3-6,4,206,249.813271705027,0.8246159164963799,0.7150718121362747,0.9392204065280249,1016,False,165,5000
temperature,Autumn,All injury accidents (meiðsli ≤ 3),6-9,5,112,148.32880698280968,0.7550792208082686,0.6148358671743471,0.8994410243877307,1016,False,165,5000
temperature,Autumn,All injury accidents (meiðsli ≤ 3),9-12,6,41,47.96664316149366,0.8547606690333025,0.5854070770637526,1.1325342720949465,1016,False,165,5000
temperature,Autumn,All injury accidents (meiðsli ≤ 3),12-15,7,3,5.259179065758577,0.5704312331809307,0.0,1.2880936969611638,1016,True,165,5000
temperature,Autumn,All injury accidents (meiðsli ≤ 3),>=15,8,0,1.5699316995712191,0.0,0.0,0.0,1016,True,165,5000
temperature,Autumn,Serious/fatal subset (meiðsli ≤ 2),<-6,0,4,8.634234066445496,0.4632721292030832,0.0980748227070891,0.9913640700331732,195,True,99,5000
temperature,Autumn,Serious/fatal subset (meiðsli ≤ 2),-6--3,1,18,16.002272237152415,1.124840256011235,0.6474616732940535,1.670571419398282,195,True,99,5000
temperature,Autumn,Serious/fatal subset (meiðsli ≤ 2),-3-0,2,32,32.059102296664584,0.998156458152893,0.7144136474715196,1.27723286872947,195,False,99,5000
temperature,Autumn,Serious/fatal subset (meiðsli ≤ 2),0-3,3,60,50.72016234804181,1.182961513180497,0.9302179396801996,1.4466328491665186,195,False,99,5000
temperature,Autumn,Serious/fatal subset (meiðsli ≤ 2),3-6,4,40,48.18044850605774,0.8302122798830066,0.59479398713533,1.0719875176549298,195,False,99,5000
temperature,Autumn,Serious/fatal subset (meiðsli ≤ 2),6-9,5,28,28.976073816471818,0.96631449027035,0.6711902790293494,1.2666067297146093,195,False,99,5000
temperature,Autumn,Serious/fatal subset (meiðsli ≤ 2),9-12,6,12,9.0883442987669,1.320372512915048,0.5819799327771414,2.1558914477151387,195,True,99,5000
temperature,Autumn,Serious/fatal subset (meiðsli ≤ 2),12-15,7,1,0.983357869333582,1.0169237783978853,0.0,3.3628857783454973,195,True,99,5000
temperature,Autumn,Serious/fatal subset (meiðsli ≤ 2),>=15,8,0,0.3560045610656302,0.0,0.0,0.0,195,True,99,5000
temperature,Spring,All injury accidents (meiðsli ≤ 3),<-6,0,13,17.42746706002036,0.7459489067015809,0.2994181301794339,1.326958018319364,721,True,163,5000
temperature,Spring,All injury accidents (meiðsli ≤ 3),-6--3,1,36,33.836259829345686,1.0639473801645694,0.7230286080478612,1.426832192027119,721,False,163,5000
temperature,Spring,All injury accidents (meiðsli ≤ 3),-3-0,2,69,80.28112823589952,0.8594796998523633,0.6634271696357985,1.069341131118087,721,False,163,5000
temperature,Spring,All injury accidents (meiðsli ≤ 3),0-3,3,128,149.8011600647868,0.8544660131112596,0.7258863715766724,0.9806945539712246,721,False,163,5000
temperature,Spring,All injury accidents (meiðsli ≤ 3),3-6,4,132,188.02679415408343,0.7020276051286028,0.5890017980298038,0.8273877799864883,721,False,163,5000
temperature,Spring,All injury accidents (meiðsli ≤ 3),6-9,5,198,167.80877588560483,1.1799144529543348,1.056258592307877,1.305010797035964,721,False,163,5000
temperature,Spring,All injury accidents (meiðsli ≤ 3),9-12,6,106,64.00272999100228,1.656179353832279,1.428200147068448,1.897620585440944,721,False,163,5000
temperature,Spring,All injury accidents (meiðsli ≤ 3),12-15,7,27,15.100386794374122,1.7880336687838525,1.205782114938828,2.4026451154519544,721,False,163,5000
temperature,Spring,All injury accidents (meiðsli ≤ 3),>=15,8,12,4.715297984882901,2.5449080924411622,1.3317071140652947,4.076583287350386,721,True,163,5000
temperature,Spring,Serious/fatal subset (meiðsli ≤ 2),<-6,0,1,5.010107078116996,0.1995965324509274,0.0,0.7417317646866105,180,True,80,5000
temperature,Spring,Serious/fatal subset (meiðsli ≤ 2),-6--3,1,5,8.838434823988464,0.5657110223214479,0.1134429010645543,1.064824790216615,180,True,80,5000
temperature,Spring,Serious/fatal subset (meiðsli ≤ 2),-3-0,2,15,20.115866490670548,0.7456800335673726,0.4002321047054263,1.1899766803100476,180,True,80,5000
temperature,Spring,Serious/fatal subset (meiðsli ≤ 2),0-3,3,35,36.4354680224346,0.9606024541375252,0.6799798735101682,1.2210310216455569,180,False,80,5000
temperature,Spring,Serious/fatal subset (meiðsli ≤ 2),3-6,4,33,45.74612727706699,0.7213725393656054,0.5202880572554613,0.9325880076889198,180,False,80,5000
temperature,Spring,Serious/fatal subset (meiðsli ≤ 2),6-9,5,46,42.606202802561405,1.0796550026569034,0.8378871558895414,1.341870004694993,180,False,80,5000
temperature,Spring,Serious/fatal subset (meiðsli ≤ 2),9-12,6,32,16.16774700112496,1.9792491803448815,1.4402377199399945,2.539638016348213,180,False,80,5000
temperature,Spring,Serious/fatal subset (meiðsli ≤ 2),12-15,7,11,3.812497294099536,2.8852479494278724,1.4424986342028383,4.392192162264947,180,True,80,5000
temperature,Spring,Serious/fatal subset (meiðsli ≤ 2),>=15,8,2,1.267549209936475,1.5778480112028417,0.0,3.925397130477636,180,True,80,5000
temperature,Summer,All injury accidents (meiðsli ≤ 3),<-6,0,0,0.7436049431418131,0.0,0.0,0.0,2086,True,227,5000
temperature,Summer,All injury accidents (meiðsli ≤ 3),-6--3,1,4,3.150410084581893,1.2696759763359062,0.2358509960023174,3.1523326433242937,2086,True,227,5000
temperature,Summer,All injury accidents (meiðsli ≤ 3),-3-0,2,17,23.53767502739915,0.7222463552670798,0.4365876204910379,1.0577958890346206,2086,True,227,5000
temperature,Summer,All injury accidents (meiðsli ≤ 3),0-3,3,66,95.2257111073585,0.6930901248465436,0.5276236057570614,0.8426945154794943,2086,False,227,5000
temperature,Summer,All injury accidents (meiðsli ≤ 3),3-6,4,161,276.8277280622436,0.5815891389456471,0.4937942795080656,0.6668899206622996,2086,False,227,5000
temperature,Summer,All injury accidents (meiðsli ≤ 3),6-9,5,483,572.6129096604398,0.8435017650692151,0.7755298945016804,0.909310388128906,2086,False,227,5000
temperature,Summer,All injury accidents (meiðsli ≤ 3),9-12,6,663,682.8677811924082,0.9709053762095562,0.9050547243110668,1.0411009078656963,2086,False,227,5000
temperature,Summer,All injury accidents (meiðsli ≤ 3),12-15,7,465,328.9379848870208,1.413640325423991,1.2863940459346064,1.5462732328573645,2086,False,227,5000
temperature,Summer,All injury accidents (meiðsli ≤ 3),>=15,8,227,102.09619503540632,2.2233933392060092,1.9436978556819977,2.5117659883611334,2086,False,227,5000
temperature,Summer,Serious/fatal subset (meiðsli ≤ 2),<-6,0,0,0.0816894516579797,0.0,0.0,0.0,573,True,167,5000
temperature,Summer,Serious/fatal subset (meiðsli ≤ 2),-6--3,1,0,0.9566633193742996,0.0,0.0,0.0,573,True,167,5000
temperature,Summer,Serious/fatal subset (meiðsli ≤ 2),-3-0,2,4,6.551662974985591,0.6105320153481791,0.148153418495513,1.2253817188228815,573,True,167,5000
temperature,Summer,Serious/fatal subset (meiðsli ≤ 2),0-3,3,18,25.83914031791247,0.6966176033156125,0.4084229632266581,1.001025590774616,573,True,167,5000
temperature,Summer,Serious/fatal subset (meiðsli ≤ 2),3-6,4,39,75.36315315101245,0.5174942709980821,0.3546239721696675,0.6867404272735366,573,False,167,5000
temperature,Summer,Serious/fatal subset (meiðsli ≤ 2),6-9,5,130,158.73734753383746,0.8189629096094627,0.6988603699704384,0.9394995084628168,573,False,167,5000
temperature,Summer,Serious/fatal subset (meiðsli ≤ 2),9-12,6,183,188.06659086686125,0.9730595910549148,0.8616481974931958,1.093387494826612,573,False,167,5000
temperature,Summer,Serious/fatal subset (meiðsli ≤ 2),12-15,7,135,89.3138724653782,1.51152330845728,1.2883954446773804,1.7496278234354734,573,False,167,5000
temperature,Summer,Serious/fatal subset (meiðsli ≤ 2),>=15,8,64,28.089879918980255,2.278400626296568,1.812170532512496,2.7733330162394294,573,False,167,5000
temperature,Winter,All injury accidents (meiðsli ≤ 3),<-6,0,163,191.7718138803126,0.8499684948578028,0.7109555401337734,0.9941346635258465,1884,False,182,5000
temperature,Winter,All injury accidents (meiðsli ≤ 3),-6--3,1,297,269.77124985337605,1.1009327352763614,0.9954287750888772,1.2019873533465213,1884,False,182,5000
temperature,Winter,All injury accidents (meiðsli ≤ 3),-3-0,2,538,441.9281967246583,1.2173923365546166,1.1050136871823573,1.327969489408621,1884,False,182,5000
temperature,Winter,All injury accidents (meiðsli ≤ 3),0-3,3,602,521.602394957808,1.154135805010434,1.0527625330047912,1.2490349131079834,1884,False,182,5000
temperature,Winter,All injury accidents (meiðsli ≤ 3),3-6,4,211,319.9746131971844,0.6594273148475415,0.5827808703960622,0.7365681189631843,1884,False,182,5000
temperature,Winter,All injury accidents (meiðsli ≤ 3),6-9,5,65,123.96893995946488,0.5243248834849565,0.4179105057720651,0.6515177106923494,1884,False,182,5000
temperature,Winter,All injury accidents (meiðsli ≤ 3),9-12,6,4,10.056981977998475,0.3977336350756862,0.0,0.8286133451845762,1884,True,182,5000
temperature,Winter,All injury accidents (meiðsli ≤ 3),12-15,7,0,1.5244434011838293,0.0,0.0,0.0,1884,True,182,5000
temperature,Winter,All injury accidents (meiðsli ≤ 3),>=15,8,4,3.4013660480135317,1.1759980970986883,0.0,1.2038692801655315,1884,True,182,5000
temperature,Winter,Serious/fatal subset (meiðsli ≤ 2),<-6,0,37,37.175985530218185,0.9952661502389724,0.7055955810784096,1.3276939514137829,342,False,111,5000
temperature,Winter,Serious/fatal subset (meiðsli ≤ 2),-6--3,1,46,49.38736310365483,0.9314123514441258,0.738517758237631,1.1234502336892866,342,False,111,5000
temperature,Winter,Serious/fatal subset (meiðsli ≤ 2),-3-0,2,80,78.72948649282151,1.0161377085483003,0.8501041353641536,1.175106235723596,342,False,111,5000
temperature,Winter,Serious/fatal subset (meiðsli ≤ 2),0-3,3,118,93.49614457352024,1.2620841269792815,1.0927461037995088,1.4200127130077278,342,False,111,5000
temperature,Winter,Serious/fatal subset (meiðsli ≤ 2),3-6,4,42,57.977153205163006,0.7244232887974879,0.5406415316910957,0.9235123801781868,342,False,111,5000
temperature,Winter,Serious/fatal subset (meiðsli ≤ 2),6-9,5,17,22.663129480659368,0.750117057509985,0.4609161523161869,1.120908204341836,342,True,111,5000
temperature,Winter,Serious/fatal subset (meiðsli ≤ 2),9-12,6,2,1.7978575771619685,1.1124351702859168,0.0,2.955508840667357,342,True,111,5000
temperature,Winter,Serious/fatal subset (meiðsli ≤ 2),12-15,7,0,0.2635120177191632,0.0,0.0,0.0,342,True,111,5000
temperature,Winter,Serious/fatal subset (meiðsli ≤ 2),>=15,8,0,0.5093680190817063,0.0,0.0,0.0,342,True,111,5000
